host_utc,elapsed_s,firmware_session_index,protocol,from_state,to_state,reason
2026-08-27T19:32:34.855+00:00,46.125,1,asd-quality-v1.6.0,NO_MACHINE,NO_MACHINE,BOOT_FAIL_CLOSED
2026-08-27T19:46:09.047+00:00,860.328,1,asd-quality-v1.6.0,NO_MACHINE,CALIBRATED_NORMAL,CALIBRATION_ACCEPTED
2026-08-27T19:47:29.494+00:00,940.766,1,asd-quality-v1.6.0,CALIBRATED_NORMAL,OBSERVATION_HOLD,OBSERVATION_UNCERTAIN
2026-08-27T19:47:39.461+00:00,950.734,1,asd-quality-v1.6.0,OBSERVATION_HOLD,CALIBRATED_NORMAL,OBSERVATION_RESUMED
2026-08-27T19:47:49.466+00:00,960.734,1,asd-quality-v1.6.0,CALIBRATED_NORMAL,OBSERVATION_HOLD,OBSERVATION_UNCERTAIN
2026-08-27T19:47:59.418+00:00,970.688,1,asd-quality-v1.6.0,OBSERVATION_HOLD,CALIBRATED_NORMAL,OBSERVATION_RESUMED
2026-08-27T19:48:59.342+00:00,1030.625,1,asd-quality-v1.6.0,CALIBRATED_NORMAL,OBSERVATION_HOLD,OBSERVATION_UNCERTAIN
2026-08-27T19:49:59.243+00:00,1090.516,1,asd-quality-v1.6.0,OBSERVATION_HOLD,CALIBRATED_NORMAL,OBSERVATION_RESUMED
2026-08-27T19:50:49.176+00:00,1140.453,1,asd-quality-v1.6.0,CALIBRATED_NORMAL,OBSERVATION_HOLD,OBSERVATION_UNCERTAIN
2026-08-27T19:51:39.099+00:00,1190.375,1,asd-quality-v1.6.0,OBSERVATION_HOLD,CALIBRATED_NORMAL,OBSERVATION_RESUMED
2026-08-27T19:52:19.013+00:00,1230.281,1,asd-quality-v1.6.0,CALIBRATED_NORMAL,OBSERVATION_HOLD,OBSERVATION_UNCERTAIN
2026-08-27T19:52:48.987+00:00,1260.266,1,asd-quality-v1.6.0,OBSERVATION_HOLD,ANOMALY,THRESHOLD_PERSISTENCE
2026-08-27T19:53:28.884+00:00,1300.156,1,asd-quality-v1.6.0,ANOMALY,CALIBRATED_NORMAL,ALARM_CLEARED
2026-08-27T19:54:08.852+00:00,1340.125,1,asd-quality-v1.6.0,CALIBRATED_NORMAL,OBSERVATION_HOLD,OBSERVATION_UNCERTAIN
2026-08-27T19:54:58.780+00:00,1390.063,1,asd-quality-v1.6.0,OBSERVATION_HOLD,CALIBRATED_NORMAL,OBSERVATION_RESUMED
2026-08-27T19:55:48.664+00:00,1439.938,1,asd-quality-v1.6.0,CALIBRATED_NORMAL,OBSERVATION_HOLD,OBSERVATION_UNCERTAIN
2026-08-27T19:55:58.722+00:00,1450.0,1,asd-quality-v1.6.0,OBSERVATION_HOLD,CALIBRATED_NORMAL,OBSERVATION_RESUMED
2026-08-27T19:56:08.665+00:00,1459.938,1,asd-quality-v1.6.0,CALIBRATED_NORMAL,OBSERVATION_HOLD,OBSERVATION_UNCERTAIN
2026-08-27T19:56:18.642+00:00,1469.922,1,asd-quality-v1.6.0,OBSERVATION_HOLD,CALIBRATED_NORMAL,OBSERVATION_RESUMED
