host_utc,elapsed_s,firmware_session_index,run_det_index,condition,condition_confirmed,transition_window,protocol_valid,window,score,lo,threshold,alarm,total_alarm,consecutive,hold,verdict,level_dbfs,compute_ms
2026-08-26T15:34:55.701+00:00,857.156,1,1,unconfirmed,0,0,1,1,1118.4552,0.0,1051.74402,0,0,1,0,iznad praga,-49.5,716
2026-08-26T15:35:05.675+00:00,867.125,1,2,unconfirmed,0,0,1,2,1266.10547,0.0,1051.74402,0,0,2,0,iznad praga,-49.7,716
2026-08-26T15:35:15.650+00:00,877.109,1,3,unconfirmed,0,0,1,3,995.055542,0.0,1051.74402,0,0,0,0,normal,-49.7,716
2026-08-26T15:35:25.624+00:00,887.078,1,4,unconfirmed,0,0,1,4,1422.86511,0.0,1051.74402,0,0,1,0,iznad praga,-50.0,716
2026-08-26T15:35:35.598+00:00,897.046,1,5,unconfirmed,0,0,1,5,1586.8103,0.0,1051.74402,0,0,2,0,iznad praga,-50.2,716
2026-08-26T15:35:45.573+00:00,907.031,1,6,unconfirmed,0,0,1,6,881.084473,0.0,1051.74402,0,0,0,0,normal,-49.9,716
2026-08-26T15:35:55.547+00:00,917.0,1,7,unconfirmed,0,0,1,7,651.842773,0.0,1051.74402,0,0,0,0,normal,-49.8,716
2026-08-26T15:36:05.585+00:00,927.046,1,8,unconfirmed,0,0,1,8,902.160034,0.0,1051.74402,0,0,0,0,normal,-49.7,716
2026-08-26T15:36:15.559+00:00,937.015,1,9,unconfirmed,0,0,1,9,1260.78503,0.0,1051.74402,0,0,1,0,iznad praga,-49.6,727
2026-08-26T15:36:25.534+00:00,946.984,1,10,unconfirmed,0,0,1,10,1289.52808,0.0,1051.74402,0,0,2,0,iznad praga,-49.3,716
2026-08-26T15:36:35.623+00:00,957.078,1,11,unconfirmed,0,0,1,11,878.062256,0.0,1051.74402,0,0,0,0,normal,-49.2,716
2026-08-26T15:36:45.597+00:00,967.046,1,12,unconfirmed,0,0,1,12,420.822052,0.0,1051.74402,0,0,0,0,normal,-49.2,716
2026-08-26T15:36:55.572+00:00,977.031,1,13,unconfirmed,0,0,1,13,537.765015,0.0,1051.74402,0,0,0,0,normal,-49.6,716
2026-08-26T15:37:05.610+00:00,987.062,1,14,unconfirmed,0,0,1,14,719.763428,0.0,1051.74402,0,0,0,0,normal,-49.4,716
2026-08-26T15:37:15.469+00:00,996.921,1,15,unconfirmed,0,0,1,15,1055.17712,0.0,1051.74402,0,0,1,0,iznad praga,-49.4,716
2026-08-26T15:37:25.444+00:00,1006.906,1,16,unconfirmed,0,0,1,16,27323.3711,0.0,1051.74402,0,0,0,1,iznad praga,-46.6,716
2026-08-26T15:37:35.417+00:00,1016.875,1,17,unconfirmed,0,0,1,17,1364.03198,0.0,1051.74402,0,0,1,0,iznad praga,-49.4,716
2026-08-26T15:37:45.391+00:00,1026.843,1,18,unconfirmed,0,0,1,18,3925.83838,0.0,1051.74402,0,0,2,0,iznad praga,-49.9,716
