host_utc,elapsed_s,condition,condition_confirmed,protocol_valid,window,score,lo,threshold,alarm,total_alarm,consecutive,verdict,level_dbfs,compute_ms
2026-08-16T11:08:28.511+00:00,224.203,unconfirmed,0,1,1,1877.80688,0.0,6335.04297,0,0,0,normal,-47.6,705
2026-08-16T11:08:38.484+00:00,234.187,normal_baseline,1,1,2,838.598511,0.0,6335.04297,0,0,0,normal,-47.6,705
2026-08-16T11:08:48.458+00:00,244.156,normal_baseline,1,1,3,905.53833,0.0,6335.04297,0,0,0,normal,-47.6,705
2026-08-16T11:08:58.433+00:00,254.125,normal_baseline,1,1,4,2874.74146,0.0,6335.04297,0,0,0,normal,-47.8,705
2026-08-16T11:09:08.471+00:00,264.172,normal_baseline,1,1,5,1430.66321,0.0,6335.04297,0,0,0,normal,-47.8,705
2026-08-16T11:09:18.445+00:00,274.14,normal_baseline,1,1,6,3553.76611,0.0,6335.04297,0,0,0,normal,-47.8,705
2026-08-16T11:09:28.420+00:00,284.125,normal_baseline,1,1,7,1580.80261,0.0,6335.04297,0,0,0,normal,-47.8,705
2026-08-16T11:09:38.395+00:00,294.093,normal_baseline,1,1,8,4549.57471,0.0,6335.04297,0,0,0,normal,-47.9,705
2026-08-16T11:09:48.368+00:00,304.062,normal_baseline,1,1,9,6318.34863,0.0,6335.04297,0,0,0,normal,-47.8,705
2026-08-16T11:09:58.343+00:00,314.047,normal_baseline,1,1,10,12191.7031,0.0,6335.04297,0,0,1,iznad praga,-47.8,705
2026-08-16T11:10:08.317+00:00,324.015,normal_baseline,1,1,11,12806.7236,0.0,6335.04297,0,0,2,iznad praga,-47.8,705
2026-08-16T11:10:18.355+00:00,334.047,normal_baseline,1,1,12,11454.5908,0.0,6335.04297,1,1,3,ALARM,-47.8,705
2026-08-16T11:10:28.330+00:00,344.031,normal_baseline,1,1,13,8323.84961,0.0,6335.04297,1,2,3,ALARM,-47.8,705
2026-08-16T11:10:38.304+00:00,354.0,normal_baseline,1,1,14,2476.72656,0.0,6335.04297,0,2,0,normal,-47.9,705
2026-08-16T11:10:48.279+00:00,363.984,normal_baseline,1,1,15,10409.2529,0.0,6335.04297,0,2,1,iznad praga,-46.9,705
2026-08-16T11:10:58.253+00:00,373.953,normal_baseline,1,1,16,12403.1299,0.0,6335.04297,0,2,2,iznad praga,-47.2,705
2026-08-16T11:11:08.226+00:00,383.922,normal_baseline,1,1,17,12726.5801,0.0,6335.04297,1,3,3,ALARM,-47.2,705
2026-08-16T11:11:18.200+00:00,393.906,normal_baseline,1,1,18,12523.1758,0.0,6335.04297,1,4,3,ALARM,-47.3,705
2026-08-16T11:11:28.250+00:00,403.953,normal_baseline,1,1,19,11475.4697,0.0,6335.04297,1,5,3,ALARM,-47.3,705
2026-08-16T11:11:38.213+00:00,413.906,normal_baseline,1,1,20,12033.5586,0.0,6335.04297,1,6,3,ALARM,-47.4,705
2026-08-16T11:11:48.188+00:00,423.89,normal_baseline,1,1,21,11240.0078,0.0,6335.04297,1,7,3,ALARM,-47.4,705
2026-08-16T11:11:58.162+00:00,433.859,normal_baseline,1,1,22,12106.0137,0.0,6335.04297,1,8,3,ALARM,-47.4,705
2026-08-16T11:12:08.136+00:00,443.828,normal_baseline,1,1,23,12275.873,0.0,6335.04297,1,9,3,ALARM,-47.5,705
2026-08-16T11:12:18.110+00:00,453.812,normal_baseline,1,1,24,12430.4639,0.0,6335.04297,1,10,3,ALARM,-47.6,705
2026-08-16T11:12:28.150+00:00,463.843,normal_baseline,1,1,25,12552.9961,0.0,6335.04297,1,11,3,ALARM,-47.6,705
2026-08-16T11:12:38.123+00:00,473.828,normal_baseline,1,1,26,13468.667,0.0,6335.04297,1,12,3,ALARM,-47.8,705
2026-08-16T11:12:48.099+00:00,483.797,normal_baseline,1,1,27,12798.291,0.0,6335.04297,1,13,3,ALARM,-47.9,705
2026-08-16T11:12:58.073+00:00,493.765,normal_baseline,1,1,28,13221.1113,0.0,6335.04297,1,14,3,ALARM,-47.9,705
2026-08-16T11:13:08.047+00:00,503.75,normal_baseline,1,1,29,12997.9385,0.0,6335.04297,1,15,3,ALARM,-47.9,705
2026-08-16T11:13:18.021+00:00,513.718,normal_baseline,1,1,30,12960.1963,0.0,6335.04297,1,16,3,ALARM,-48.0,705
2026-08-16T11:13:27.994+00:00,523.687,normal_baseline,1,1,31,12840.208,0.0,6335.04297,1,17,3,ALARM,-48.1,705
2026-08-16T11:13:38.032+00:00,533.734,normal_baseline,1,1,32,13109.957,0.0,6335.04297,1,18,3,ALARM,-48.2,705
2026-08-16T11:13:48.007+00:00,543.703,normal_baseline,1,1,33,13715.8271,0.0,6335.04297,1,19,3,ALARM,-48.2,705
2026-08-16T11:13:57.981+00:00,553.672,normal_baseline,1,1,34,13327.8125,0.0,6335.04297,1,20,3,ALARM,-48.0,705
2026-08-16T11:14:07.956+00:00,563.656,normal_baseline,1,1,35,13195.001,0.0,6335.04297,1,21,3,ALARM,-48.0,705
2026-08-16T11:14:17.930+00:00,573.625,normal_baseline,1,1,36,13122.3574,0.0,6335.04297,1,22,3,ALARM,-48.2,705
2026-08-16T11:14:27.904+00:00,583.609,normal_baseline,1,1,37,13343.0078,0.0,6335.04297,1,23,3,ALARM,-48.1,705
2026-08-16T11:14:37.942+00:00,593.64,normal_baseline,1,1,38,12961.0508,0.0,6335.04297,1,24,3,ALARM,-48.3,705
2026-08-16T11:14:47.916+00:00,603.609,normal_baseline,1,1,39,12738.9668,0.0,6335.04297,1,25,3,ALARM,-48.3,705
2026-08-16T11:14:57.891+00:00,613.593,normal_baseline,1,1,40,12679.4434,0.0,6335.04297,1,26,3,ALARM,-48.9,705
2026-08-16T11:15:07.865+00:00,623.562,normal_baseline,1,1,41,13586.4482,0.0,6335.04297,1,27,3,ALARM,-49.4,705
2026-08-16T11:15:17.840+00:00,633.531,normal_baseline,1,1,42,13099.4619,0.0,6335.04297,1,28,3,ALARM,-49.6,705
2026-08-16T11:15:27.814+00:00,643.515,normal_baseline,1,1,43,13174.7168,0.0,6335.04297,1,29,3,ALARM,-49.8,705
2026-08-16T11:15:37.788+00:00,653.484,normal_baseline,1,1,44,13091.5322,0.0,6335.04297,1,30,3,ALARM,-49.6,705
2026-08-16T11:15:47.827+00:00,663.531,normal_baseline,1,1,45,13301.1035,0.0,6335.04297,1,31,3,ALARM,-48.8,705
2026-08-16T11:15:57.800+00:00,673.5,normal_baseline,1,1,46,12507.5537,0.0,6335.04297,1,32,3,ALARM,-49.1,705
2026-08-16T11:16:07.775+00:00,683.468,normal_baseline,1,1,47,12428.0967,0.0,6335.04297,1,33,3,ALARM,-49.0,705
2026-08-16T11:16:17.749+00:00,693.453,normal_baseline,1,1,48,12512.043,0.0,6335.04297,1,34,3,ALARM,-48.9,705
2026-08-16T11:16:27.723+00:00,703.422,normal_baseline,1,1,49,12490.0215,0.0,6335.04297,1,35,3,ALARM,-49.4,705
2026-08-16T11:16:37.697+00:00,713.39,normal_baseline,1,1,50,12540.5996,0.0,6335.04297,1,36,3,ALARM,-49.6,705
2026-08-16T11:16:47.735+00:00,723.437,normal_baseline,1,1,51,12252.0371,0.0,6335.04297,1,37,3,ALARM,-49.7,705
2026-08-16T11:16:57.709+00:00,733.406,normal_baseline,1,1,52,12552.3926,0.0,6335.04297,1,38,3,ALARM,-49.6,705
