host_utc,elapsed_s,protocol,phase,index,total,result,metrics_valid,feature_valid,samples,expected,rms_dbfs,dc,peak,clipped,zeros,stuck,dropped_delta,tonalness_proxy,tonalness_valid,tonal_gate,loo_mean,loo_sd,loo_cv,loo_range,loo_gate
2026-08-16T11:06:23.548+00:00,99.25,asd-quality-v1.3.0,WAIT,1,60,OK,1,0,4096,4096,-45.811,-0.933,446,0,6,30,0,0.0,0,not_computed,,,,,
2026-08-16T11:06:23.802+00:00,99.5,asd-quality-v1.3.0,WAIT,2,60,OK,1,0,4096,4096,-45.709,-4.132,446,0,5,24,0,0.0,0,not_computed,,,,,
2026-08-16T11:06:24.058+00:00,99.75,asd-quality-v1.3.0,WAIT,3,60,OK,1,0,4096,4096,-45.481,2.419,448,0,7,19,0,0.0,0,not_computed,,,,,
2026-08-16T11:06:24.315+00:00,100.015,asd-quality-v1.3.0,WAIT,4,60,OK,1,0,4096,4096,-45.497,0.594,451,0,11,34,0,0.0,0,not_computed,,,,,
2026-08-16T11:06:24.570+00:00,100.265,asd-quality-v1.3.0,WAIT,5,60,OK,1,0,4096,4096,-45.681,-4.875,452,0,8,20,0,0.0,0,not_computed,,,,,
2026-08-16T11:06:24.826+00:00,100.531,asd-quality-v1.3.0,WAIT,6,60,OK,1,0,4096,4096,-45.71,2.09,452,0,13,28,0,0.0,0,not_computed,,,,,
2026-08-16T11:06:25.082+00:00,100.781,asd-quality-v1.3.0,WAIT,7,60,OK,1,0,4096,4096,-45.727,1.635,436,0,13,29,0,0.0,0,not_computed,,,,,
2026-08-16T11:06:25.337+00:00,101.031,asd-quality-v1.3.0,WAIT,8,60,OK,1,0,4096,4096,-45.873,-1.751,447,0,5,27,0,0.0,0,not_computed,,,,,
2026-08-16T11:06:25.593+00:00,101.297,asd-quality-v1.3.0,WAIT,9,60,OK,1,0,4096,4096,-46.059,1.597,464,0,10,30,0,0.0,0,not_computed,,,,,
2026-08-16T11:06:25.850+00:00,101.547,asd-quality-v1.3.0,WAIT,10,60,OK,1,0,4096,4096,-46.113,-0.062,432,0,13,25,0,0.0,0,not_computed,,,,,
2026-08-16T11:06:26.106+00:00,101.797,asd-quality-v1.3.0,WAIT,11,60,OK,1,0,4096,4096,-46.187,-4.862,455,0,15,24,0,0.0,0,not_computed,,,,,
2026-08-16T11:06:26.361+00:00,102.062,asd-quality-v1.3.0,WAIT,12,60,OK,1,0,4096,4096,-45.877,1.493,451,0,6,32,0,0.0,0,not_computed,,,,,
2026-08-16T11:06:26.617+00:00,102.312,asd-quality-v1.3.0,WAIT,13,60,OK,1,0,4096,4096,-45.767,1.01,458,0,6,33,0,0.0,0,not_computed,,,,,
2026-08-16T11:06:26.871+00:00,102.562,asd-quality-v1.3.0,WAIT,14,60,OK,1,0,4096,4096,-46.006,-2.504,434,0,9,26,0,0.0,0,not_computed,,,,,
2026-08-16T11:06:27.127+00:00,102.828,asd-quality-v1.3.0,WAIT,15,60,OK,1,0,4096,4096,-46.04,0.975,453,0,7,26,0,0.0,0,not_computed,,,,,
2026-08-16T11:06:27.384+00:00,103.078,asd-quality-v1.3.0,WAIT,16,60,OK,1,0,4096,4096,-46.023,-1.085,428,0,5,33,0,0.0,0,not_computed,,,,,
2026-08-16T11:06:27.639+00:00,103.343,asd-quality-v1.3.0,WAIT,17,60,OK,1,0,4096,4096,-46.248,-1.215,425,0,8,24,0,0.0,0,not_computed,,,,,
2026-08-16T11:06:27.895+00:00,103.593,asd-quality-v1.3.0,WAIT,18,60,OK,1,0,4096,4096,-46.145,2.208,440,0,10,26,0,0.0,0,not_computed,,,,,
2026-08-16T11:06:28.152+00:00,103.843,asd-quality-v1.3.0,WAIT,19,60,OK,1,0,4096,4096,-45.922,-0.898,476,0,8,30,0,0.0,0,not_computed,,,,,
2026-08-16T11:06:28.406+00:00,104.109,asd-quality-v1.3.0,WAIT,20,60,OK,1,0,4096,4096,-45.72,-1.764,440,0,8,23,0,0.0,0,not_computed,,,,,
2026-08-16T11:06:28.662+00:00,104.359,asd-quality-v1.3.0,WAIT,21,60,OK,1,0,4096,4096,-45.979,0.658,442,0,8,29,0,0.0,0,not_computed,,,,,
2026-08-16T11:06:28.919+00:00,104.609,asd-quality-v1.3.0,WAIT,22,60,OK,1,0,4096,4096,-46.024,0.092,454,0,8,31,0,0.0,0,not_computed,,,,,
2026-08-16T11:06:29.173+00:00,104.875,asd-quality-v1.3.0,WAIT,23,60,OK,1,0,4096,4096,-46.031,-2.839,477,0,8,24,0,0.0,0,not_computed,,,,,
2026-08-16T11:06:29.429+00:00,105.125,asd-quality-v1.3.0,WAIT,24,60,OK,1,0,4096,4096,-46.257,2.302,439,0,8,23,0,0.0,0,not_computed,,,,,
2026-08-16T11:06:29.687+00:00,105.39,asd-quality-v1.3.0,WAIT,25,60,OK,1,0,4096,4096,-46.322,-3.008,425,0,7,23,0,0.0,0,not_computed,,,,,
2026-08-16T11:06:29.941+00:00,105.64,asd-quality-v1.3.0,WAIT,26,60,OK,1,0,4096,4096,-46.189,-0.068,437,0,9,23,0,0.0,0,not_computed,,,,,
2026-08-16T11:06:30.197+00:00,105.89,asd-quality-v1.3.0,WAIT,27,60,OK,1,0,4096,4096,-46.095,1.01,454,0,10,27,0,0.0,0,not_computed,,,,,
2026-08-16T11:06:30.453+00:00,106.156,asd-quality-v1.3.0,WAIT,28,60,OK,1,0,4096,4096,-46.276,-1.812,427,0,8,30,0,0.0,0,not_computed,,,,,
2026-08-16T11:06:30.708+00:00,106.406,asd-quality-v1.3.0,WAIT,29,60,OK,1,0,4096,4096,-46.445,2.113,429,0,6,19,0,0.0,0,not_computed,,,,,
2026-08-16T11:06:30.963+00:00,106.656,asd-quality-v1.3.0,WAIT,30,60,OK,1,0,4096,4096,-46.52,-3.004,430,0,8,23,0,0.0,0,not_computed,,,,,
2026-08-16T11:06:31.221+00:00,106.922,asd-quality-v1.3.0,WAIT,31,60,OK,1,0,4096,4096,-46.51,0.799,450,0,8,26,0,0.0,0,not_computed,,,,,
2026-08-16T11:06:31.477+00:00,107.172,asd-quality-v1.3.0,WAIT,32,60,OK,1,0,4096,4096,-46.391,-1.065,433,0,13,26,0,0.0,0,not_computed,,,,,
2026-08-16T11:06:31.730+00:00,107.422,asd-quality-v1.3.0,WAIT,33,60,OK,1,0,4096,4096,-46.702,0.881,441,0,8,27,0,0.0,0,not_computed,,,,,
2026-08-16T11:06:31.988+00:00,107.687,asd-quality-v1.3.0,WAIT,34,60,OK,1,0,4096,4096,-46.625,-1.053,443,0,12,28,0,0.0,0,not_computed,,,,,
2026-08-16T11:06:32.242+00:00,107.937,asd-quality-v1.3.0,WAIT,35,60,OK,1,0,4096,4096,-46.691,0.675,421,0,8,25,0,0.0,0,not_computed,,,,,
2026-08-16T11:06:32.499+00:00,108.203,asd-quality-v1.3.0,WAIT,36,60,OK,1,0,4096,4096,-46.939,-1.403,413,0,8,32,0,0.0,0,not_computed,,,,,
2026-08-16T11:06:32.755+00:00,108.453,asd-quality-v1.3.0,WAIT,37,60,OK,1,0,4096,4096,-46.764,0.043,402,0,14,26,0,0.0,0,not_computed,,,,,
2026-08-16T11:06:33.009+00:00,108.703,asd-quality-v1.3.0,WAIT,38,60,OK,1,0,4096,4096,-46.873,-3.272,394,0,10,32,0,0.0,0,not_computed,,,,,
2026-08-16T11:06:33.265+00:00,108.968,asd-quality-v1.3.0,WAIT,39,60,OK,1,0,4096,4096,-46.612,3.015,426,0,9,32,0,0.0,0,not_computed,,,,,
2026-08-16T11:06:33.522+00:00,109.218,asd-quality-v1.3.0,WAIT,40,60,OK,1,0,4096,4096,-46.641,-3.165,402,0,8,27,0,0.0,0,not_computed,,,,,
2026-08-16T11:06:33.776+00:00,109.468,asd-quality-v1.3.0,WAIT,41,60,OK,1,0,4096,4096,-46.812,1.607,426,0,10,24,0,0.0,0,not_computed,,,,,
2026-08-16T11:06:34.032+00:00,109.734,asd-quality-v1.3.0,WAIT,42,60,OK,1,0,4096,4096,-46.916,-1.018,444,0,12,30,0,0.0,0,not_computed,,,,,
2026-08-16T11:06:34.289+00:00,109.984,asd-quality-v1.3.0,WAIT,43,60,OK,1,0,4096,4096,-47.042,-1.549,462,0,8,31,0,0.0,0,not_computed,,,,,
2026-08-16T11:06:34.544+00:00,110.234,asd-quality-v1.3.0,WAIT,44,60,OK,1,0,4096,4096,-47.167,0.922,412,0,8,14,0,0.0,0,not_computed,,,,,
2026-08-16T11:06:34.800+00:00,110.5,asd-quality-v1.3.0,WAIT,45,60,OK,1,0,4096,4096,-46.995,-1.092,407,0,8,20,0,0.0,0,not_computed,,,,,
2026-08-16T11:06:35.056+00:00,110.75,asd-quality-v1.3.0,WAIT,46,60,OK,1,0,4096,4096,-46.937,0.416,414,0,9,28,0,0.0,0,not_computed,,,,,
2026-08-16T11:06:35.312+00:00,111.015,asd-quality-v1.3.0,WAIT,47,60,OK,1,0,4096,4096,-46.97,-0.668,415,0,8,29,0,0.0,0,not_computed,,,,,
2026-08-16T11:06:35.567+00:00,111.265,asd-quality-v1.3.0,WAIT,48,60,OK,1,0,4096,4096,-46.947,-0.33,408,0,8,18,0,0.0,0,not_computed,,,,,
2026-08-16T11:06:35.823+00:00,111.515,asd-quality-v1.3.0,WAIT,49,60,OK,1,0,4096,4096,-46.899,-1.431,426,0,7,40,0,0.0,0,not_computed,,,,,
2026-08-16T11:06:36.079+00:00,111.781,asd-quality-v1.3.0,WAIT,50,60,OK,1,0,4096,4096,-47.051,-2.519,372,0,13,25,0,0.0,0,not_computed,,,,,
2026-08-16T11:06:36.334+00:00,112.031,asd-quality-v1.3.0,WAIT,51,60,OK,1,0,4096,4096,-47.075,3.02,414,0,10,19,0,0.0,0,not_computed,,,,,
2026-08-16T11:06:36.591+00:00,112.281,asd-quality-v1.3.0,WAIT,52,60,OK,1,0,4096,4096,-46.98,-2.36,422,0,9,30,0,0.0,0,not_computed,,,,,
2026-08-16T11:06:36.846+00:00,112.547,asd-quality-v1.3.0,WAIT,53,60,OK,1,0,4096,4096,-46.914,1.338,402,0,10,30,0,0.0,0,not_computed,,,,,
2026-08-16T11:06:37.103+00:00,112.797,asd-quality-v1.3.0,WAIT,54,60,OK,1,0,4096,4096,-47.071,-1.273,386,0,8,33,0,0.0,0,not_computed,,,,,
2026-08-16T11:06:37.358+00:00,113.062,asd-quality-v1.3.0,WAIT,55,60,OK,1,0,4096,4096,-47.054,-1.45,416,0,11,23,0,0.0,0,not_computed,,,,,
2026-08-16T11:06:37.613+00:00,113.312,asd-quality-v1.3.0,WAIT,56,60,OK,1,0,4096,4096,-46.95,0.568,408,0,7,19,0,0.0,0,not_computed,,,,,
2026-08-16T11:06:37.868+00:00,113.562,asd-quality-v1.3.0,WAIT,57,60,OK,1,0,4096,4096,-46.983,-2.23,420,0,11,25,0,0.0,0,not_computed,,,,,
2026-08-16T11:06:38.125+00:00,113.828,asd-quality-v1.3.0,WAIT,58,60,OK,1,0,4096,4096,-46.985,3.127,447,0,7,25,0,0.0,0,not_computed,,,,,
2026-08-16T11:06:38.380+00:00,114.078,asd-quality-v1.3.0,WAIT,59,60,OK,1,0,4096,4096,-46.995,-3.119,385,0,6,22,0,0.0,0,not_computed,,,,,
2026-08-16T11:06:38.636+00:00,114.328,asd-quality-v1.3.0,WAIT,60,60,OK,1,0,4096,4096,-47.076,1.293,424,0,11,25,0,0.0,0,not_computed,,,,,
2026-08-16T11:06:48.631+00:00,124.328,asd-quality-v1.3.0,CAL,1,10,OK,1,1,159744,159744,-47.201,-0.493,484,0,369,1065,0,4.54278,1,pending_normal_only,,,,,
2026-08-16T11:06:58.669+00:00,134.359,asd-quality-v1.3.0,CAL,2,10,OK,1,1,159744,159744,-47.257,-0.376,442,0,360,1130,0,4.515521,1,pending_normal_only,,,,,
2026-08-16T11:07:08.644+00:00,144.343,asd-quality-v1.3.0,CAL,3,10,OK,1,1,159744,159744,-47.318,-0.516,425,0,340,1090,0,4.531713,1,pending_normal_only,,,,,
2026-08-16T11:07:18.618+00:00,154.312,asd-quality-v1.3.0,CAL,4,10,OK,1,1,159744,159744,-47.363,-0.4,431,0,376,1065,0,4.515463,1,pending_normal_only,,,,,
2026-08-16T11:07:28.592+00:00,164.297,asd-quality-v1.3.0,CAL,5,10,OK,1,1,159744,159744,-47.337,-0.492,437,0,389,1039,0,4.476893,1,pending_normal_only,,,,,
2026-08-16T11:07:38.566+00:00,174.265,asd-quality-v1.3.0,CAL,6,10,OK,1,1,159744,159744,-47.342,-0.462,461,0,363,1053,0,4.309268,1,pending_normal_only,,,,,
2026-08-16T11:07:48.541+00:00,184.234,asd-quality-v1.3.0,CAL,7,10,OK,1,1,159744,159744,-47.406,-0.47,443,0,386,1125,0,4.457959,1,pending_normal_only,,,,,
2026-08-16T11:07:58.515+00:00,194.218,asd-quality-v1.3.0,CAL,8,10,OK,1,1,159744,159744,-47.427,-0.495,434,0,396,1153,0,4.437349,1,pending_normal_only,,,,,
2026-08-16T11:08:08.554+00:00,204.25,asd-quality-v1.3.0,CAL,9,10,OK,1,1,159744,159744,-47.528,-0.491,409,0,396,1220,0,4.441757,1,pending_normal_only,,,,,
2026-08-16T11:08:18.529+00:00,214.234,asd-quality-v1.3.0,CAL,10,10,OK,1,1,159744,159744,-47.639,-0.449,399,0,365,1163,0,4.453683,1,pending_normal_only,,,,,
2026-08-16T11:08:18.550+00:00,214.25,asd-quality-v1.3.0,CAL_SUMMARY,,,OBSERVED,,,,,,,,,,,,,,,2197.673828,1379.123047,0.627538,4470.65332,pending_normal_only
2026-08-16T11:08:28.504+00:00,224.203,asd-quality-v1.3.0,DET,1,0,OK,1,1,159744,159744,-47.606,-0.548,422,0,361,1115,0,4.416351,1,pending_normal_only,,,,,
2026-08-16T11:08:38.477+00:00,234.172,asd-quality-v1.3.0,DET,2,0,OK,1,1,159744,159744,-47.581,-0.398,428,0,311,1080,0,4.427646,1,pending_normal_only,,,,,
2026-08-16T11:08:48.451+00:00,244.156,asd-quality-v1.3.0,DET,3,0,OK,1,1,159744,159744,-47.625,-0.477,400,0,338,1123,0,4.405225,1,pending_normal_only,,,,,
2026-08-16T11:08:58.426+00:00,254.125,asd-quality-v1.3.0,DET,4,0,OK,1,1,159744,159744,-47.85,-0.507,384,0,378,1164,0,4.436506,1,pending_normal_only,,,,,
2026-08-16T11:09:08.463+00:00,264.156,asd-quality-v1.3.0,DET,5,0,OK,1,1,159744,159744,-47.785,-0.551,393,0,357,1202,0,4.4339,1,pending_normal_only,,,,,
2026-08-16T11:09:18.437+00:00,274.14,asd-quality-v1.3.0,DET,6,0,OK,1,1,159744,159744,-47.782,-0.471,427,0,371,1109,0,4.411531,1,pending_normal_only,,,,,
2026-08-16T11:09:28.411+00:00,284.109,asd-quality-v1.3.0,DET,7,0,OK,1,1,159744,159744,-47.779,-0.512,398,0,393,1059,0,4.338161,1,pending_normal_only,,,,,
2026-08-16T11:09:38.385+00:00,294.078,asd-quality-v1.3.0,DET,8,0,OK,1,1,159744,159744,-47.868,-0.441,394,0,415,1212,0,4.39655,1,pending_normal_only,,,,,
2026-08-16T11:09:48.359+00:00,304.062,asd-quality-v1.3.0,DET,9,0,OK,1,1,159744,159744,-47.834,-0.511,418,0,390,1286,0,4.356873,1,pending_normal_only,,,,,
2026-08-16T11:09:58.334+00:00,314.031,asd-quality-v1.3.0,DET,10,0,OK,1,1,159744,159744,-47.83,-0.548,438,0,412,1275,0,4.234435,1,pending_normal_only,,,,,
2026-08-16T11:10:08.308+00:00,324.0,asd-quality-v1.3.0,DET,11,0,OK,1,1,159744,159744,-47.838,-0.432,389,0,400,1204,0,4.214907,1,pending_normal_only,,,,,
2026-08-16T11:10:18.346+00:00,334.047,asd-quality-v1.3.0,DET,12,0,OK,1,1,159744,159744,-47.811,-0.485,415,0,404,1119,0,4.291428,1,pending_normal_only,,,,,
2026-08-16T11:10:28.321+00:00,344.015,asd-quality-v1.3.0,DET,13,0,OK,1,1,159744,159744,-47.807,-0.487,387,0,404,1152,0,4.34093,1,pending_normal_only,,,,,
2026-08-16T11:10:38.295+00:00,354.0,asd-quality-v1.3.0,DET,14,0,OK,1,1,159744,159744,-47.913,-0.511,1150,0,434,1108,0,4.235476,1,pending_normal_only,,,,,
2026-08-16T11:10:48.270+00:00,363.968,asd-quality-v1.3.0,DET,15,0,OK,1,1,159744,159744,-46.878,-0.474,457,0,382,1099,0,4.33225,1,pending_normal_only,,,,,
2026-08-16T11:10:58.244+00:00,373.937,asd-quality-v1.3.0,DET,16,0,OK,1,1,159744,159744,-47.184,-0.503,407,0,399,1192,0,4.341362,1,pending_normal_only,,,,,
2026-08-16T11:11:08.218+00:00,383.922,asd-quality-v1.3.0,DET,17,0,OK,1,1,159744,159744,-47.161,-0.507,451,0,398,1094,0,4.329336,1,pending_normal_only,,,,,
2026-08-16T11:11:18.194+00:00,393.89,asd-quality-v1.3.0,DET,18,0,OK,1,1,159744,159744,-47.283,-0.515,421,0,393,1034,0,4.291843,1,pending_normal_only,,,,,
2026-08-16T11:11:28.232+00:00,403.937,asd-quality-v1.3.0,DET,19,0,OK,1,1,159744,159744,-47.302,-0.472,423,0,422,1028,0,4.381656,1,pending_normal_only,,,,,
2026-08-16T11:11:38.205+00:00,413.906,asd-quality-v1.3.0,DET,20,0,OK,1,1,159744,159744,-47.405,-0.461,416,0,384,1028,0,4.314703,1,pending_normal_only,,,,,
2026-08-16T11:11:48.179+00:00,423.875,asd-quality-v1.3.0,DET,21,0,OK,1,1,159744,159744,-47.378,-0.522,431,0,408,1095,0,4.35971,1,pending_normal_only,,,,,
2026-08-16T11:11:58.154+00:00,433.859,asd-quality-v1.3.0,DET,22,0,OK,1,1,159744,159744,-47.446,-0.426,423,0,393,1074,0,4.285738,1,pending_normal_only,,,,,
2026-08-16T11:12:08.127+00:00,443.828,asd-quality-v1.3.0,DET,23,0,OK,1,1,159744,159744,-47.534,-0.541,419,0,415,1147,0,4.284129,1,pending_normal_only,,,,,
2026-08-16T11:12:18.101+00:00,453.797,asd-quality-v1.3.0,DET,24,0,OK,1,1,159744,159744,-47.557,-0.607,420,0,377,1160,0,4.249663,1,pending_normal_only,,,,,
2026-08-16T11:12:28.139+00:00,463.843,asd-quality-v1.3.0,DET,25,0,OK,1,1,159744,159744,-47.621,-0.403,418,0,403,1171,0,4.182802,1,pending_normal_only,,,,,
2026-08-16T11:12:38.114+00:00,473.812,asd-quality-v1.3.0,DET,26,0,OK,1,1,159744,159744,-47.766,-0.481,418,0,423,1215,0,4.105009,1,pending_normal_only,,,,,
2026-08-16T11:12:48.089+00:00,483.781,asd-quality-v1.3.0,DET,27,0,OK,1,1,159744,159744,-47.866,-0.506,417,0,444,1132,0,4.127043,1,pending_normal_only,,,,,
2026-08-16T11:12:58.063+00:00,493.765,asd-quality-v1.3.0,DET,28,0,OK,1,1,159744,159744,-47.886,-0.408,407,0,435,1005,0,4.203202,1,pending_normal_only,,,,,
2026-08-16T11:13:08.037+00:00,503.734,asd-quality-v1.3.0,DET,29,0,OK,1,1,159744,159744,-47.943,-0.509,429,0,444,1112,0,4.130618,1,pending_normal_only,,,,,
2026-08-16T11:13:18.011+00:00,513.703,asd-quality-v1.3.0,DET,30,0,OK,1,1,159744,159744,-47.987,-0.548,430,0,432,1112,0,4.196122,1,pending_normal_only,,,,,
2026-08-16T11:13:27.985+00:00,523.687,asd-quality-v1.3.0,DET,31,0,OK,1,1,159744,159744,-48.088,-0.443,419,0,439,925,0,4.23525,1,pending_normal_only,,,,,
2026-08-16T11:13:38.024+00:00,533.718,asd-quality-v1.3.0,DET,32,0,OK,1,1,159744,159744,-48.235,-0.502,424,0,448,978,0,4.205557,1,pending_normal_only,,,,,
2026-08-16T11:13:47.999+00:00,543.703,asd-quality-v1.3.0,DET,33,0,OK,1,1,159744,159744,-48.165,-0.55,437,0,479,932,0,4.176033,1,pending_normal_only,,,,,
2026-08-16T11:13:57.974+00:00,553.672,asd-quality-v1.3.0,DET,34,0,OK,1,1,159744,159744,-48.0,-0.496,425,0,422,873,0,4.19692,1,pending_normal_only,,,,,
2026-08-16T11:14:07.949+00:00,563.64,asd-quality-v1.3.0,DET,35,0,OK,1,1,159744,159744,-47.999,-0.472,413,0,437,827,0,4.16902,1,pending_normal_only,,,,,
2026-08-16T11:14:17.922+00:00,573.625,asd-quality-v1.3.0,DET,36,0,OK,1,1,159744,159744,-48.171,-0.452,409,0,422,895,0,4.152995,1,pending_normal_only,,,,,
2026-08-16T11:14:27.896+00:00,583.593,asd-quality-v1.3.0,DET,37,0,OK,1,1,159744,159744,-48.132,-0.502,408,0,435,793,0,4.182572,1,pending_normal_only,,,,,
2026-08-16T11:14:37.933+00:00,593.625,asd-quality-v1.3.0,DET,38,0,OK,1,1,159744,159744,-48.298,-0.462,400,0,480,751,0,4.167741,1,pending_normal_only,,,,,
2026-08-16T11:14:47.908+00:00,603.609,asd-quality-v1.3.0,DET,39,0,OK,1,1,159744,159744,-48.297,-0.49,405,0,489,812,0,4.194483,1,pending_normal_only,,,,,
2026-08-16T11:14:57.882+00:00,613.578,asd-quality-v1.3.0,DET,40,0,OK,1,1,159744,159744,-48.927,-0.517,420,0,490,1091,0,4.149355,1,pending_normal_only,,,,,
2026-08-16T11:15:07.856+00:00,623.547,asd-quality-v1.3.0,DET,41,0,OK,1,1,159744,159744,-49.393,-0.453,399,0,482,1056,0,4.168867,1,pending_normal_only,,,,,
2026-08-16T11:15:17.831+00:00,633.531,asd-quality-v1.3.0,DET,42,0,OK,1,1,159744,159744,-49.607,-0.543,362,0,550,1119,0,4.17729,1,pending_normal_only,,,,,
2026-08-16T11:15:27.805+00:00,643.5,asd-quality-v1.3.0,DET,43,0,OK,1,1,159744,159744,-49.752,-0.462,358,0,590,1126,0,4.164826,1,pending_normal_only,,,,,
2026-08-16T11:15:37.778+00:00,653.468,asd-quality-v1.3.0,DET,44,0,OK,1,1,159744,159744,-49.635,-0.501,354,0,560,1274,0,4.119202,1,pending_normal_only,,,,,
2026-08-16T11:15:47.817+00:00,663.515,asd-quality-v1.3.0,DET,45,0,OK,1,1,159744,159744,-48.796,-0.486,400,0,536,1162,0,4.234356,1,pending_normal_only,,,,,
2026-08-16T11:15:57.791+00:00,673.484,asd-quality-v1.3.0,DET,46,0,OK,1,1,159744,159744,-49.068,-0.478,391,0,522,1327,0,4.2823,1,pending_normal_only,,,,,
2026-08-16T11:16:07.766+00:00,683.468,asd-quality-v1.3.0,DET,47,0,OK,1,1,159744,159744,-49.041,-0.555,365,0,498,1266,0,4.286739,1,pending_normal_only,,,,,
2026-08-16T11:16:17.742+00:00,693.437,asd-quality-v1.3.0,DET,48,0,OK,1,1,159744,159744,-48.898,-0.494,372,0,457,1110,0,4.296677,1,pending_normal_only,,,,,
2026-08-16T11:16:27.716+00:00,703.406,asd-quality-v1.3.0,DET,49,0,OK,1,1,159744,159744,-49.392,-0.472,361,0,528,1195,0,4.301573,1,pending_normal_only,,,,,
2026-08-16T11:16:37.689+00:00,713.39,asd-quality-v1.3.0,DET,50,0,OK,1,1,159744,159744,-49.554,-0.491,357,0,535,1247,0,4.271455,1,pending_normal_only,,,,,
2026-08-16T11:16:47.728+00:00,723.422,asd-quality-v1.3.0,DET,51,0,OK,1,1,159744,159744,-49.686,-0.507,357,0,573,1209,0,4.254843,1,pending_normal_only,,,,,
2026-08-16T11:16:57.702+00:00,733.406,asd-quality-v1.3.0,DET,52,0,OK,1,1,159744,159744,-49.573,-0.478,380,0,594,1116,0,4.270253,1,pending_normal_only,,,,,
