t_s,index,score,threshold,anom,total_anom,verdict,consecutive,rms_dbfs
129.225,1,625.458374,5687.11475,0,0,normal,0,-45.6
139.264,2,640.753113,5687.11475,0,0,normal,0,-45.7
149.24,3,444.957306,5687.11475,0,0,normal,0,-46.0
159.215,4,506.612915,5687.11475,0,0,normal,0,-45.7
169.176,5,275.53598,5687.11475,0,0,normal,0,-45.8
179.159,6,390.533264,5687.11475,0,0,normal,0,-45.9
189.139,7,473.679474,5687.11475,0,0,normal,0,-46.0
199.098,8,507.401978,5687.11475,0,0,normal,0,-45.9
209.139,9,567.71106,5687.11475,0,0,normal,0,-45.8
219.113,10,428.363312,5687.11475,0,0,normal,0,-45.9
229.094,11,532.753418,5687.11475,0,0,normal,0,-46.1
239.067,12,694.572632,5687.11475,0,0,normal,0,-45.8
249.035,13,493.034546,5687.11475,0,0,normal,0,-45.8
259.009,14,501.40741,5687.11475,0,0,normal,0,-46.0
269.055,15,612.696289,5687.11475,0,0,normal,0,-46.1
279.023,16,215.494858,5687.11475,0,0,normal,0,-45.9
289.006,17,400.686676,5687.11475,0,0,normal,0,-45.9
298.98,18,1323.15479,5687.11475,0,0,normal,0,-45.9
308.956,19,1035.75403,5687.11475,0,0,normal,0,-46.1
318.922,20,470.342651,5687.11475,0,0,normal,0,-45.9
328.896,21,452.016815,5687.11475,0,0,normal,0,-45.8
338.941,22,380.597992,5687.11475,0,0,normal,0,-46.0
348.91,23,333.82663,5687.11475,0,0,normal,0,-46.0
358.887,24,658.266724,5687.11475,0,0,normal,0,-45.8
368.862,25,560.316284,5687.11475,0,0,normal,0,-45.9
378.829,26,855.095032,5687.11475,0,0,normal,0,-45.9
388.81,27,928.151367,5687.11475,0,0,normal,0,-46.1
398.85,28,1020.367,5687.11475,0,0,normal,0,-45.9
408.815,29,651.552307,5687.11475,0,0,normal,0,-45.9
418.798,30,780.405579,5687.11475,0,0,normal,0,-46.0
428.766,31,545.280701,5687.11475,0,0,normal,0,-46.0
438.746,32,3337.42969,5687.11475,0,0,normal,0,-45.9
448.723,33,1875.27625,5687.11475,0,0,normal,0,-45.8
458.695,34,3090.37134,5687.11475,0,0,normal,0,-45.8
468.736,35,2579.94849,5687.11475,0,0,normal,0,-46.1
478.706,36,681.206055,5687.11475,0,0,normal,0,-45.9
