host_utc,elapsed_s,firmware_session_index,protocol,phase,index,total,result,metrics_valid,feature_valid,samples,expected,rms_dbfs,dc,peak,clipped,zeros,stuck,dropped_delta,tonalness_proxy,tonalness_valid,tonal_gate,loo_mean,loo_sd,loo_cv,loo_range,loo_gate
2026-08-23T18:09:21.210+00:00,70.234,1,asd-quality-v1.5.0,WAIT,1,60,OK,1,0,4096,4096,-46.543,-0.45,501,0,10,12,0,0.0,0,not_computed,,,,,
2026-08-23T18:09:21.468+00:00,70.484,1,asd-quality-v1.5.0,WAIT,2,60,OK,1,0,4096,4096,-46.537,-1.298,526,0,12,17,0,0.0,0,not_computed,,,,,
2026-08-23T18:09:21.723+00:00,70.75,1,asd-quality-v1.5.0,WAIT,3,60,OK,1,0,4096,4096,-46.442,1.487,494,0,9,5,0,0.0,0,not_computed,,,,,
2026-08-23T18:09:21.979+00:00,71.0,1,asd-quality-v1.5.0,WAIT,4,60,OK,1,0,4096,4096,-46.663,-0.953,522,0,8,12,0,0.0,0,not_computed,,,,,
2026-08-23T18:09:22.237+00:00,71.265,1,asd-quality-v1.5.0,WAIT,5,60,OK,1,0,4096,4096,-47.138,-0.18,487,0,15,7,0,0.0,0,not_computed,,,,,
2026-08-23T18:09:22.491+00:00,71.515,1,asd-quality-v1.5.0,WAIT,6,60,OK,1,0,4096,4096,-47.32,-0.571,485,0,11,8,0,0.0,0,not_computed,,,,,
2026-08-23T18:09:22.746+00:00,71.765,1,asd-quality-v1.5.0,WAIT,7,60,OK,1,0,4096,4096,-47.307,-0.068,481,0,16,6,0,0.0,0,not_computed,,,,,
2026-08-23T18:09:23.002+00:00,72.031,1,asd-quality-v1.5.0,WAIT,8,60,OK,1,0,4096,4096,-47.245,-0.479,469,0,10,6,0,0.0,0,not_computed,,,,,
2026-08-23T18:09:23.259+00:00,72.281,1,asd-quality-v1.5.0,WAIT,9,60,OK,1,0,4096,4096,-47.203,-2.224,464,0,16,7,0,0.0,0,not_computed,,,,,
2026-08-23T18:09:23.514+00:00,72.531,1,asd-quality-v1.5.0,WAIT,10,60,OK,1,0,4096,4096,-47.217,0.264,478,0,9,14,0,0.0,0,not_computed,,,,,
2026-08-23T18:09:23.768+00:00,72.797,1,asd-quality-v1.5.0,WAIT,11,60,OK,1,0,4096,4096,-47.145,-1.15,483,0,13,9,0,0.0,0,not_computed,,,,,
2026-08-23T18:09:24.024+00:00,73.047,1,asd-quality-v1.5.0,WAIT,12,60,OK,1,0,4096,4096,-47.143,0.355,486,0,10,4,0,0.0,0,not_computed,,,,,
2026-08-23T18:09:24.279+00:00,73.297,1,asd-quality-v1.5.0,WAIT,13,60,OK,1,0,4096,4096,-46.625,-1.062,493,0,12,6,0,0.0,0,not_computed,,,,,
2026-08-23T18:09:24.536+00:00,73.562,1,asd-quality-v1.5.0,WAIT,14,60,OK,1,0,4096,4096,-46.598,-0.39,528,0,13,7,0,0.0,0,not_computed,,,,,
2026-08-23T18:09:24.791+00:00,73.812,1,asd-quality-v1.5.0,WAIT,15,60,OK,1,0,4096,4096,-47.077,-0.265,485,0,10,5,0,0.0,0,not_computed,,,,,
2026-08-23T18:09:25.047+00:00,74.078,1,asd-quality-v1.5.0,WAIT,16,60,OK,1,0,4096,4096,-47.004,-0.1,467,0,17,9,0,0.0,0,not_computed,,,,,
2026-08-23T18:09:25.303+00:00,74.328,1,asd-quality-v1.5.0,WAIT,17,60,OK,1,0,4096,4096,-47.137,-0.241,496,0,18,13,0,0.0,0,not_computed,,,,,
2026-08-23T18:09:25.559+00:00,74.578,1,asd-quality-v1.5.0,WAIT,18,60,OK,1,0,4096,4096,-47.241,-0.274,472,0,15,4,0,0.0,0,not_computed,,,,,
2026-08-23T18:09:25.814+00:00,74.843,1,asd-quality-v1.5.0,WAIT,19,60,OK,1,0,4096,4096,-47.3,-1.826,481,0,9,7,0,0.0,0,not_computed,,,,,
2026-08-23T18:09:26.070+00:00,75.093,1,asd-quality-v1.5.0,WAIT,20,60,OK,1,0,4096,4096,-46.991,-0.868,479,0,5,13,0,0.0,0,not_computed,,,,,
2026-08-23T18:09:26.326+00:00,75.343,1,asd-quality-v1.5.0,WAIT,21,60,OK,1,0,4096,4096,-46.845,0.657,513,0,15,13,0,0.0,0,not_computed,,,,,
2026-08-23T18:09:26.581+00:00,75.609,1,asd-quality-v1.5.0,WAIT,22,60,OK,1,0,4096,4096,-46.995,-1.34,508,0,14,7,0,0.0,0,not_computed,,,,,
2026-08-23T18:09:26.837+00:00,75.859,1,asd-quality-v1.5.0,WAIT,23,60,OK,1,0,4096,4096,-47.063,-0.969,493,0,8,7,0,0.0,0,not_computed,,,,,
2026-08-23T18:09:27.093+00:00,76.109,1,asd-quality-v1.5.0,WAIT,24,60,OK,1,0,4096,4096,-47.131,1.705,510,0,9,4,0,0.0,0,not_computed,,,,,
2026-08-23T18:09:27.350+00:00,76.375,1,asd-quality-v1.5.0,WAIT,25,60,OK,1,0,4096,4096,-46.797,-1.505,566,0,13,15,0,0.0,0,not_computed,,,,,
2026-08-23T18:09:27.605+00:00,76.625,1,asd-quality-v1.5.0,WAIT,26,60,OK,1,0,4096,4096,-46.985,0.135,490,0,11,9,0,0.0,0,not_computed,,,,,
2026-08-23T18:09:27.860+00:00,76.89,1,asd-quality-v1.5.0,WAIT,27,60,OK,1,0,4096,4096,-46.974,0.478,533,0,15,5,0,0.0,0,not_computed,,,,,
2026-08-23T18:09:28.116+00:00,77.14,1,asd-quality-v1.5.0,WAIT,28,60,OK,1,0,4096,4096,-47.034,-2.479,487,0,15,5,0,0.0,0,not_computed,,,,,
2026-08-23T18:09:28.371+00:00,77.39,1,asd-quality-v1.5.0,WAIT,29,60,OK,1,0,4096,4096,-47.073,1.106,524,0,6,5,0,0.0,0,not_computed,,,,,
2026-08-23T18:09:28.627+00:00,77.656,1,asd-quality-v1.5.0,WAIT,30,60,OK,1,0,4096,4096,-47.12,-0.062,502,0,12,10,0,0.0,0,not_computed,,,,,
2026-08-23T18:09:28.884+00:00,77.906,1,asd-quality-v1.5.0,WAIT,31,60,OK,1,0,4096,4096,-47.181,-0.638,477,0,20,8,0,0.0,0,not_computed,,,,,
2026-08-23T18:09:29.138+00:00,78.156,1,asd-quality-v1.5.0,WAIT,32,60,OK,1,0,4096,4096,-47.182,-0.361,504,0,17,7,0,0.0,0,not_computed,,,,,
2026-08-23T18:09:29.394+00:00,78.422,1,asd-quality-v1.5.0,WAIT,33,60,OK,1,0,4096,4096,-47.166,-0.855,487,0,10,11,0,0.0,0,not_computed,,,,,
2026-08-23T18:09:29.650+00:00,78.672,1,asd-quality-v1.5.0,WAIT,34,60,OK,1,0,4096,4096,-47.108,-1.166,494,0,15,6,0,0.0,0,not_computed,,,,,
2026-08-23T18:09:29.906+00:00,78.922,1,asd-quality-v1.5.0,WAIT,35,60,OK,1,0,4096,4096,-47.286,1.267,467,0,15,7,0,0.0,0,not_computed,,,,,
2026-08-23T18:09:30.162+00:00,79.187,1,asd-quality-v1.5.0,WAIT,36,60,OK,1,0,4096,4096,-47.496,-0.27,504,0,10,7,0,0.0,0,not_computed,,,,,
2026-08-23T18:09:30.417+00:00,79.437,1,asd-quality-v1.5.0,WAIT,37,60,OK,1,0,4096,4096,-47.625,-1.315,472,0,14,9,0,0.0,0,not_computed,,,,,
2026-08-23T18:09:30.673+00:00,79.703,1,asd-quality-v1.5.0,WAIT,38,60,OK,1,0,4096,4096,-47.63,0.167,473,0,15,6,0,0.0,0,not_computed,,,,,
2026-08-23T18:09:30.929+00:00,79.953,1,asd-quality-v1.5.0,WAIT,39,60,OK,1,0,4096,4096,-47.554,-2.243,469,0,9,15,0,0.0,0,not_computed,,,,,
2026-08-23T18:09:31.186+00:00,80.203,1,asd-quality-v1.5.0,WAIT,40,60,OK,1,0,4096,4096,-47.589,0.584,451,0,10,8,0,0.0,0,not_computed,,,,,
2026-08-23T18:09:31.441+00:00,80.468,1,asd-quality-v1.5.0,WAIT,41,60,OK,1,0,4096,4096,-47.514,1.023,478,0,14,7,0,0.0,0,not_computed,,,,,
2026-08-23T18:09:31.696+00:00,80.718,1,asd-quality-v1.5.0,WAIT,42,60,OK,1,0,4096,4096,-47.445,-1.668,508,0,17,7,0,0.0,0,not_computed,,,,,
2026-08-23T18:09:31.952+00:00,80.968,1,asd-quality-v1.5.0,WAIT,43,60,OK,1,0,4096,4096,-47.576,-0.14,494,0,13,9,0,0.0,0,not_computed,,,,,
2026-08-23T18:09:32.208+00:00,81.234,1,asd-quality-v1.5.0,WAIT,44,60,OK,1,0,4096,4096,-47.63,-2.021,475,0,9,7,0,0.0,0,not_computed,,,,,
2026-08-23T18:09:32.464+00:00,81.484,1,asd-quality-v1.5.0,WAIT,45,60,OK,1,0,4096,4096,-47.747,2.869,463,0,13,7,0,0.0,0,not_computed,,,,,
2026-08-23T18:09:32.719+00:00,81.734,1,asd-quality-v1.5.0,WAIT,46,60,OK,1,0,4096,4096,-47.626,-1.78,469,0,18,14,0,0.0,0,not_computed,,,,,
2026-08-23T18:09:32.975+00:00,82.0,1,asd-quality-v1.5.0,WAIT,47,60,OK,1,0,4096,4096,-47.529,-0.621,518,0,17,10,0,0.0,0,not_computed,,,,,
2026-08-23T18:09:33.231+00:00,82.25,1,asd-quality-v1.5.0,WAIT,48,60,OK,1,0,4096,4096,-47.474,-0.702,514,0,10,9,0,0.0,0,not_computed,,,,,
2026-08-23T18:09:33.487+00:00,82.515,1,asd-quality-v1.5.0,WAIT,49,60,OK,1,0,4096,4096,-47.283,-0.266,509,0,7,11,0,0.0,0,not_computed,,,,,
2026-08-23T18:09:33.742+00:00,82.765,1,asd-quality-v1.5.0,WAIT,50,60,OK,1,0,4096,4096,-47.056,-1.485,573,0,17,9,0,0.0,0,not_computed,,,,,
2026-08-23T18:09:33.999+00:00,83.015,1,asd-quality-v1.5.0,WAIT,51,60,OK,1,0,4096,4096,-47.214,0.373,527,0,16,16,0,0.0,0,not_computed,,,,,
2026-08-23T18:09:34.253+00:00,83.281,1,asd-quality-v1.5.0,WAIT,52,60,OK,1,0,4096,4096,-47.371,0.553,494,0,12,8,0,0.0,0,not_computed,,,,,
2026-08-23T18:09:34.509+00:00,83.531,1,asd-quality-v1.5.0,WAIT,53,60,OK,1,0,4096,4096,-47.388,-1.069,519,0,9,10,0,0.0,0,not_computed,,,,,
2026-08-23T18:09:34.767+00:00,83.797,1,asd-quality-v1.5.0,WAIT,54,60,OK,1,0,4096,4096,-47.476,0.271,506,0,16,11,0,0.0,0,not_computed,,,,,
2026-08-23T18:09:35.021+00:00,84.047,1,asd-quality-v1.5.0,WAIT,55,60,OK,1,0,4096,4096,-47.369,-2.287,539,0,12,2,0,0.0,0,not_computed,,,,,
2026-08-23T18:09:35.277+00:00,84.297,1,asd-quality-v1.5.0,WAIT,56,60,OK,1,0,4096,4096,-47.241,-0.646,527,0,7,4,0,0.0,0,not_computed,,,,,
2026-08-23T18:09:35.534+00:00,84.562,1,asd-quality-v1.5.0,WAIT,57,60,OK,1,0,4096,4096,-47.061,0.458,529,0,14,9,0,0.0,0,not_computed,,,,,
2026-08-23T18:09:35.788+00:00,84.812,1,asd-quality-v1.5.0,WAIT,58,60,OK,1,0,4096,4096,-47.006,0.428,504,0,14,7,0,0.0,0,not_computed,,,,,
2026-08-23T18:09:36.044+00:00,85.062,1,asd-quality-v1.5.0,WAIT,59,60,OK,1,0,4096,4096,-47.241,-1.885,521,0,7,7,0,0.0,0,not_computed,,,,,
2026-08-23T18:09:36.300+00:00,85.328,1,asd-quality-v1.5.0,WAIT,60,60,OK,1,0,4096,4096,-47.188,-0.473,507,0,9,2,0,0.0,0,not_computed,,,,,
2026-08-23T18:09:46.299+00:00,95.328,1,asd-quality-v1.5.0,CAL,1,10,OK,1,1,159744,159744,-47.126,-0.393,578,0,521,263,0,3.511771,1,pending_normal_only,,,,,
2026-08-23T18:09:56.270+00:00,105.297,1,asd-quality-v1.5.0,CAL,2,10,OK,1,1,159744,159744,-46.345,-0.435,709,0,444,331,0,3.400133,1,pending_normal_only,,,,,
2026-08-23T18:10:06.244+00:00,115.265,1,asd-quality-v1.5.0,CAL,3,10,OK,1,1,159744,159744,-46.708,-0.413,565,0,473,326,0,3.51121,1,pending_normal_only,,,,,
2026-08-23T18:10:16.219+00:00,125.25,1,asd-quality-v1.5.0,CAL,4,10,OK,1,1,159744,159744,-46.325,-0.42,616,0,426,294,0,3.507461,1,pending_normal_only,,,,,
2026-08-23T18:10:26.269+00:00,135.297,1,asd-quality-v1.5.0,CAL,5,10,OK,1,1,159744,159744,-46.181,-0.421,555,0,413,236,0,3.511666,1,pending_normal_only,,,,,
2026-08-23T18:10:36.231+00:00,145.25,1,asd-quality-v1.5.0,CAL,6,10,OK,1,1,159744,159744,-46.663,-0.449,555,0,417,297,0,3.544417,1,pending_normal_only,,,,,
2026-08-23T18:10:46.206+00:00,155.234,1,asd-quality-v1.5.0,CAL,7,10,OK,1,1,159744,159744,-46.79,-0.383,578,0,474,297,0,3.533489,1,pending_normal_only,,,,,
2026-08-23T18:10:56.179+00:00,165.203,1,asd-quality-v1.5.0,CAL,8,10,OK,1,1,159744,159744,-46.48,-0.507,568,0,424,255,0,3.516387,1,pending_normal_only,,,,,
2026-08-23T18:11:06.154+00:00,175.172,1,asd-quality-v1.5.0,CAL,9,10,OK,1,1,159744,159744,-46.974,-0.431,527,0,404,243,0,3.518906,1,pending_normal_only,,,,,
2026-08-23T18:11:16.129+00:00,185.156,1,asd-quality-v1.5.0,CAL,10,10,OK,1,1,159744,159744,-46.224,-0.436,568,0,368,241,0,3.478112,1,pending_normal_only,,,,,
2026-08-23T18:11:16.829+00:00,185.859,1,asd-quality-v1.5.0,CAL_SUMMARY,,,OBSERVED,,,,,,,,,,,,,,,807.356812,1562.460449,1.935279,5125.335938,pending_normal_only
