host_utc,elapsed_s,firmware_session_index,protocol,type,state,phase,reason,event,capability,level
2026-08-26T14:38:49.073+00:00,847.203,1,asd-quality-v1.6.0,CALIBRATION_ACCEPTED,CALIBRATED_NORMAL,CAL,QUALITY_OK,NONE,AVAILABLE,DEVIATION
2026-08-26T14:41:59.381+00:00,1037.515,1,asd-quality-v1.6.0,OBSERVATION_HOLD,OBSERVATION_HOLD,DET,OBSERVATION_UNCERTAIN,NONE,AVAILABLE,DEVIATION
2026-08-26T14:42:39.333+00:00,1077.453,1,asd-quality-v1.6.0,OBSERVATION_RESUMED,CALIBRATED_NORMAL,DET,OBSERVATION_RESUMED,NONE,AVAILABLE,DEVIATION
2026-08-26T14:42:59.308+00:00,1097.437,1,asd-quality-v1.6.0,OBSERVATION_HOLD,OBSERVATION_HOLD,DET,OBSERVATION_UNCERTAIN,NONE,AVAILABLE,DEVIATION
2026-08-26T14:43:09.257+00:00,1107.39,1,asd-quality-v1.6.0,OBSERVATION_RESUMED,CALIBRATED_NORMAL,DET,OBSERVATION_RESUMED,NONE,AVAILABLE,DEVIATION
2026-08-26T14:43:19.310+00:00,1117.437,1,asd-quality-v1.6.0,OBSERVATION_HOLD,OBSERVATION_HOLD,DET,OBSERVATION_UNCERTAIN,NONE,AVAILABLE,DEVIATION
2026-08-26T14:44:19.140+00:00,1177.265,1,asd-quality-v1.6.0,OBSERVATION_RESUMED,CALIBRATED_NORMAL,DET,OBSERVATION_RESUMED,NONE,AVAILABLE,DEVIATION
2026-08-26T14:45:09.080+00:00,1227.203,1,asd-quality-v1.6.0,OBSERVATION_HOLD,OBSERVATION_HOLD,DET,OBSERVATION_UNCERTAIN,NONE,AVAILABLE,DEVIATION
2026-08-26T14:46:08.985+00:00,1287.109,1,asd-quality-v1.6.0,OBSERVATION_RESUMED,CALIBRATED_NORMAL,DET,OBSERVATION_RESUMED,NONE,AVAILABLE,DEVIATION
2026-08-26T14:46:38.975+00:00,1317.109,1,asd-quality-v1.6.0,OBSERVATION_HOLD,OBSERVATION_HOLD,DET,OBSERVATION_UNCERTAIN,NONE,AVAILABLE,DEVIATION
2026-08-26T14:48:08.803+00:00,1406.937,1,asd-quality-v1.6.0,OBSERVATION_RESUMED,CALIBRATED_NORMAL,DET,OBSERVATION_RESUMED,NONE,AVAILABLE,DEVIATION
2026-08-26T14:48:18.784+00:00,1416.906,1,asd-quality-v1.6.0,OBSERVATION_HOLD,OBSERVATION_HOLD,DET,OBSERVATION_UNCERTAIN,NONE,AVAILABLE,DEVIATION
2026-08-26T14:49:08.712+00:00,1466.843,1,asd-quality-v1.6.0,OBSERVATION_HOLD_WARNING,OBSERVATION_HOLD,DET,LONG_OBSERVATION_HOLD,NONE,AVAILABLE,DEVIATION
2026-08-26T14:49:18.689+00:00,1476.812,1,asd-quality-v1.6.0,OBSERVATION_RESUMED,CALIBRATED_NORMAL,DET,OBSERVATION_RESUMED,NONE,AVAILABLE,DEVIATION
2026-08-26T14:50:08.631+00:00,1526.75,1,asd-quality-v1.6.0,OBSERVATION_HOLD,OBSERVATION_HOLD,DET,OBSERVATION_UNCERTAIN,NONE,AVAILABLE,DEVIATION
