t_s,phase,index,result,samples,expected,rms_dbfs,dc,peak,clipped,zeros,stuck,dropped_delta
14.296,WAIT,1,OK,4096.0,4096.0,-46.096,-0.363,753.0,0.0,5.0,17.0,0.0
14.296,WAIT,2,OK,4096.0,4096.0,-44.974,-0.399,644.0,0.0,8.0,9.0,0.0
14.296,WAIT,3,OK,4096.0,4096.0,-47.13,-1.586,492.0,0.0,12.0,13.0,0.0
14.296,WAIT,4,OK,4096.0,4096.0,-45.873,1.8,586.0,0.0,14.0,10.0,0.0
14.296,WAIT,5,OK,4096.0,4096.0,-45.154,-0.536,701.0,0.0,9.0,10.0,0.0
14.296,WAIT,6,OK,4096.0,4096.0,-46.488,-0.629,634.0,0.0,9.0,15.0,0.0
14.296,WAIT,7,OK,4096.0,4096.0,-45.013,-1.437,730.0,0.0,10.0,12.0,0.0
14.296,WAIT,8,OK,4096.0,4096.0,-45.496,0.807,781.0,0.0,6.0,12.0,0.0
14.296,WAIT,9,OK,4096.0,4096.0,-45.918,-1.435,625.0,0.0,9.0,11.0,0.0
14.296,WAIT,10,OK,4096.0,4096.0,-43.226,0.514,1043.0,0.0,8.0,12.0,0.0
14.296,WAIT,11,OK,4096.0,4096.0,-45.845,-2.627,656.0,0.0,9.0,9.0,0.0
17.364,WAIT,12,OK,4096.0,4096.0,-45.648,1.025,698.0,0.0,6.0,20.0,0.0
17.365,WAIT,13,OK,4096.0,4096.0,-45.479,-0.62,652.0,0.0,16.0,5.0,0.0
17.365,WAIT,14,OK,4096.0,4096.0,-46.424,1.283,666.0,0.0,15.0,13.0,0.0
17.365,WAIT,15,OK,4096.0,4096.0,-44.242,-1.955,827.0,0.0,14.0,18.0,0.0
17.365,WAIT,16,OK,4096.0,4096.0,-45.41,0.903,691.0,0.0,9.0,14.0,0.0
17.365,WAIT,17,OK,4096.0,4096.0,-46.289,0.732,603.0,0.0,13.0,11.0,0.0
17.365,WAIT,18,OK,4096.0,4096.0,-45.917,-1.893,677.0,0.0,11.0,12.0,0.0
17.365,WAIT,19,OK,4096.0,4096.0,-44.646,-1.421,775.0,0.0,9.0,16.0,0.0
17.365,WAIT,20,OK,4096.0,4096.0,-46.559,-1.86,843.0,0.0,13.0,7.0,0.0
17.365,WAIT,21,OK,4096.0,4096.0,-45.672,0.179,762.0,0.0,11.0,10.0,0.0
17.365,WAIT,22,OK,4096.0,4096.0,-45.135,-2.099,662.0,0.0,6.0,14.0,0.0
17.365,WAIT,23,OK,4096.0,4096.0,-46.624,1.56,656.0,0.0,10.0,17.0,0.0
20.434,WAIT,24,OK,4096.0,4096.0,-45.482,-0.608,846.0,0.0,5.0,17.0,0.0
20.434,WAIT,25,OK,4096.0,4096.0,-46.273,0.13,623.0,0.0,9.0,15.0,0.0
20.434,WAIT,26,OK,4096.0,4096.0,-45.843,-0.916,647.0,0.0,11.0,9.0,0.0
20.434,WAIT,27,OK,4096.0,4096.0,-45.672,-0.335,700.0,0.0,10.0,13.0,0.0
20.434,WAIT,28,OK,4096.0,4096.0,-46.066,-1.023,557.0,0.0,14.0,9.0,0.0
20.434,WAIT,29,OK,4096.0,4096.0,-45.666,-0.739,733.0,0.0,9.0,7.0,0.0
20.434,WAIT,30,OK,4096.0,4096.0,-45.768,0.947,642.0,0.0,8.0,17.0,0.0
20.434,WAIT,31,OK,4096.0,4096.0,-46.75,-2.078,570.0,0.0,11.0,6.0,0.0
20.434,WAIT,32,OK,4096.0,4096.0,-46.122,0.99,653.0,0.0,7.0,7.0,0.0
20.434,WAIT,33,OK,4096.0,4096.0,-45.644,-0.921,707.0,0.0,7.0,8.0,0.0
20.434,WAIT,34,OK,4096.0,4096.0,-46.853,-1.22,599.0,0.0,14.0,12.0,0.0
20.434,WAIT,35,OK,4096.0,4096.0,-45.548,1.324,676.0,0.0,10.0,6.0,0.0
23.503,WAIT,36,OK,4096.0,4096.0,-44.936,-1.722,781.0,0.0,7.0,9.0,0.0
23.503,WAIT,37,OK,4096.0,4096.0,-47.286,-0.409,574.0,0.0,3.0,11.0,0.0
23.503,WAIT,38,OK,4096.0,4096.0,-45.344,0.196,789.0,0.0,6.0,10.0,0.0
23.503,WAIT,39,OK,4096.0,4096.0,-46.631,-0.207,579.0,0.0,5.0,9.0,0.0
23.503,WAIT,40,OK,4096.0,4096.0,-46.925,-0.194,588.0,0.0,12.0,13.0,0.0
23.503,WAIT,41,OK,4096.0,4096.0,-46.436,-1.185,582.0,0.0,15.0,11.0,0.0
23.503,WAIT,42,OK,4096.0,4096.0,-44.683,-1.16,768.0,0.0,5.0,8.0,0.0
23.503,WAIT,43,OK,4096.0,4096.0,-47.057,-1.812,657.0,0.0,12.0,15.0,0.0
23.503,WAIT,44,OK,4096.0,4096.0,-45.803,-0.175,685.0,0.0,11.0,7.0,0.0
23.503,WAIT,45,OK,4096.0,4096.0,-45.975,-0.573,649.0,0.0,9.0,8.0,0.0
23.503,WAIT,46,OK,4096.0,4096.0,-47.83,2.735,508.0,0.0,11.0,16.0,0.0
23.503,WAIT,47,OK,4096.0,4096.0,-44.974,-2.031,677.0,0.0,12.0,14.0,0.0
26.572,WAIT,48,OK,4096.0,4096.0,-47.336,1.143,706.0,0.0,12.0,11.0,0.0
26.572,WAIT,49,OK,4096.0,4096.0,-45.438,-0.959,823.0,0.0,11.0,11.0,0.0
26.572,WAIT,50,OK,4096.0,4096.0,-46.284,0.146,667.0,0.0,9.0,17.0,0.0
26.572,WAIT,51,OK,4096.0,4096.0,-47.588,0.443,471.0,0.0,10.0,11.0,0.0
26.572,WAIT,52,OK,4096.0,4096.0,-47.214,-1.204,625.0,0.0,8.0,9.0,0.0
26.572,WAIT,53,OK,4096.0,4096.0,-46.05,-1.572,681.0,0.0,11.0,11.0,0.0
26.572,WAIT,54,OK,4096.0,4096.0,-47.832,-0.034,471.0,0.0,6.0,9.0,0.0
26.572,WAIT,55,OK,4096.0,4096.0,-45.487,-0.552,923.0,0.0,13.0,16.0,0.0
26.572,WAIT,56,OK,4096.0,4096.0,-45.903,-0.816,765.0,0.0,5.0,16.0,0.0
26.572,WAIT,57,OK,4096.0,4096.0,-47.09,-0.528,620.0,0.0,14.0,15.0,0.0
26.572,WAIT,58,OK,4096.0,4096.0,-45.734,0.057,755.0,0.0,8.0,16.0,0.0
26.572,WAIT,59,OK,4096.0,4096.0,-46.344,-0.65,615.0,0.0,9.0,12.0,0.0
27.091,WAIT,60,OK,4096.0,4096.0,-47.31,0.465,560.0,0.0,7.0,12.0,0.0
37.086,CAL,1,OK,159744.0,159744.0,-46.103,-0.465,980.0,0.0,429.0,507.0,0.0
47.059,CAL,2,OK,159744.0,159744.0,-45.8,-0.434,978.0,0.0,394.0,482.0,0.0
57.032,CAL,3,OK,159744.0,159744.0,-46.062,-0.417,908.0,0.0,424.0,476.0,0.0
67.006,CAL,4,OK,159744.0,159744.0,-45.964,-0.422,902.0,0.0,394.0,494.0,0.0
77.047,CAL,5,OK,159744.0,159744.0,-45.986,-0.43,867.0,0.0,386.0,432.0,0.0
87.018,CAL,6,OK,159744.0,159744.0,-46.167,-0.419,842.0,0.0,393.0,463.0,0.0
97.004,CAL,7,OK,159744.0,159744.0,-46.066,-0.403,918.0,0.0,402.0,524.0,0.0
106.967,CAL,8,OK,159744.0,159744.0,-46.249,-0.416,898.0,0.0,439.0,447.0,0.0
116.943,CAL,9,OK,159744.0,159744.0,-46.112,-0.485,806.0,0.0,411.0,458.0,0.0
127.055,CAL,10,OK,159744.0,159744.0,-46.156,-0.367,927.0,0.0,419.0,493.0,0.0
136.964,DET,1,OK,159744.0,159744.0,-45.979,-0.438,1056.0,0.0,488.0,575.0,0.0
146.932,DET,2,OK,159744.0,159744.0,-46.239,-0.419,787.0,0.0,415.0,491.0,0.0
156.914,DET,3,OK,159744.0,159744.0,-45.996,-0.486,1075.0,0.0,381.0,449.0,0.0
166.893,DET,4,OK,159744.0,159744.0,-46.063,-0.372,879.0,0.0,349.0,420.0,0.0
176.868,DET,5,OK,159744.0,159744.0,-46.259,-0.521,862.0,0.0,448.0,502.0,0.0
186.829,DET,6,OK,159744.0,159744.0,-46.229,-0.477,899.0,0.0,413.0,470.0,0.0
196.815,DET,7,OK,159744.0,159744.0,-46.215,-0.41,942.0,0.0,401.0,495.0,0.0
206.855,DET,8,OK,159744.0,159744.0,-46.18,-0.471,1000.0,0.0,397.0,484.0,0.0
216.829,DET,9,OK,159744.0,159744.0,-46.364,-0.504,934.0,0.0,431.0,505.0,0.0
226.789,DET,10,OK,159744.0,159744.0,-46.145,-0.475,1203.0,0.0,412.0,461.0,0.0
236.774,DET,11,OK,159744.0,159744.0,-46.157,-0.516,907.0,0.0,430.0,465.0,0.0
246.743,DET,12,OK,159744.0,159744.0,-46.327,-0.417,832.0,0.0,424.0,477.0,0.0
256.725,DET,13,OK,159744.0,159744.0,-46.351,-0.497,765.0,0.0,430.0,487.0,0.0
266.756,DET,14,OK,159744.0,159744.0,-46.24,-0.484,906.0,0.0,418.0,454.0,0.0
276.731,DET,15,OK,159744.0,159744.0,-46.274,-0.497,1018.0,0.0,446.0,469.0,0.0
286.713,DET,16,OK,159744.0,159744.0,-46.427,-0.493,871.0,0.0,458.0,477.0,0.0
296.678,DET,17,OK,159744.0,159744.0,-46.196,-0.5,913.0,0.0,426.0,482.0,0.0
306.648,DET,18,OK,159744.0,159744.0,-46.175,-0.463,898.0,0.0,427.0,493.0,0.0
316.63,DET,19,OK,159744.0,159744.0,-46.353,-0.504,864.0,0.0,441.0,480.0,0.0
326.604,DET,20,OK,159744.0,159744.0,-46.4,-0.494,807.0,0.0,442.0,480.0,0.0
336.643,DET,21,OK,159744.0,159744.0,-46.286,-0.461,937.0,0.0,399.0,491.0,0.0
346.613,DET,22,OK,159744.0,159744.0,-46.317,-0.512,981.0,0.0,432.0,486.0,0.0
356.59,DET,23,OK,159744.0,159744.0,-46.455,-0.496,929.0,0.0,395.0,501.0,0.0
366.557,DET,24,OK,159744.0,159744.0,-46.231,-0.507,1189.0,0.0,395.0,460.0,0.0
376.54,DET,25,OK,159744.0,159744.0,-46.215,-0.465,877.0,0.0,434.0,470.0,0.0
386.51,DET,26,OK,159744.0,159744.0,-46.399,-0.482,756.0,0.0,430.0,503.0,0.0
396.545,DET,27,OK,159744.0,159744.0,-46.406,-0.522,831.0,0.0,414.0,461.0,0.0
406.532,DET,28,OK,159744.0,159744.0,-46.279,-0.486,914.0,0.0,426.0,471.0,0.0
416.493,DET,29,OK,159744.0,159744.0,-46.296,-0.501,933.0,0.0,413.0,442.0,0.0
426.466,DET,30,OK,159744.0,159744.0,-46.441,-0.489,925.0,0.0,413.0,475.0,0.0
436.448,DET,31,OK,159744.0,159744.0,-46.252,-0.487,1162.0,0.0,446.0,512.0,0.0
446.422,DET,32,OK,159744.0,159744.0,-46.262,-0.49,913.0,0.0,448.0,459.0,0.0
456.389,DET,33,OK,159744.0,159744.0,-46.393,-0.524,799.0,0.0,407.0,495.0,0.0
466.442,DET,34,OK,159744.0,159744.0,-46.393,-0.46,726.0,0.0,436.0,468.0,0.0
476.401,DET,35,OK,159744.0,159744.0,-46.312,-0.538,958.0,0.0,444.0,495.0,0.0
486.388,DET,36,OK,159744.0,159744.0,-46.321,-0.462,996.0,0.0,419.0,468.0,0.0
496.349,DET,37,OK,159744.0,159744.0,-46.429,-0.483,865.0,0.0,413.0,479.0,0.0
506.324,DET,38,OK,159744.0,159744.0,-46.265,-0.545,965.0,0.0,422.0,512.0,0.0
516.299,DET,39,OK,159744.0,159744.0,-46.252,-0.459,913.0,0.0,460.0,476.0,0.0
526.275,DET,40,OK,159744.0,159744.0,-46.395,-0.545,855.0,0.0,404.0,484.0,0.0
536.321,DET,41,OK,159744.0,159744.0,-46.415,-0.444,801.0,0.0,448.0,490.0,0.0
546.299,DET,42,OK,159744.0,159744.0,-46.264,-0.474,957.0,0.0,430.0,484.0,0.0
556.266,DET,43,OK,159744.0,159744.0,-46.319,-0.507,911.0,0.0,419.0,513.0,0.0
566.238,DET,44,OK,159744.0,159744.0,-46.379,-0.452,818.0,0.0,392.0,469.0,0.0
576.212,DET,45,OK,159744.0,159744.0,-46.247,-0.545,1113.0,0.0,451.0,472.0,0.0
586.186,DET,46,OK,159744.0,159744.0,-46.27,-0.478,861.0,0.0,384.0,454.0,0.0
596.233,DET,47,OK,159744.0,159744.0,-46.391,-0.518,810.0,0.0,426.0,512.0,0.0
606.205,DET,48,OK,159744.0,159744.0,-46.377,-0.463,816.0,0.0,459.0,475.0,0.0
616.18,DET,49,OK,159744.0,159744.0,-46.285,-0.468,935.0,0.0,397.0,467.0,0.0
626.154,DET,50,OK,159744.0,159744.0,-46.354,-0.5,989.0,0.0,413.0,509.0,0.0
636.13,DET,51,OK,159744.0,159744.0,-46.394,-0.491,909.0,0.0,419.0,493.0,0.0
646.097,DET,52,OK,159744.0,159744.0,-46.256,-0.488,1192.0,0.0,391.0,503.0,0.0
656.081,DET,53,OK,159744.0,159744.0,-46.283,-0.507,926.0,0.0,398.0,445.0,0.0
666.115,DET,54,OK,159744.0,159744.0,-46.386,-0.483,821.0,0.0,389.0,474.0,0.0
676.082,DET,55,OK,159744.0,159744.0,-46.411,-0.533,724.0,0.0,476.0,459.0,0.0
686.065,DET,56,OK,159744.0,159744.0,-46.291,-0.463,950.0,0.0,444.0,512.0,0.0
696.029,DET,57,OK,159744.0,159744.0,-46.344,-0.494,980.0,0.0,436.0,472.0,0.0
706.009,DET,58,OK,159744.0,159744.0,-46.404,-0.486,869.0,0.0,430.0,533.0,0.0
715.989,DET,59,OK,159744.0,159744.0,-46.297,-0.497,1059.0,0.0,432.0,456.0,0.0
726.016,DET,60,OK,159744.0,159744.0,-46.269,-0.513,851.0,0.0,415.0,432.0,0.0
735.995,DET,61,OK,159744.0,159744.0,-46.393,-0.429,791.0,0.0,429.0,485.0,0.0
745.971,DET,62,OK,159744.0,159744.0,-46.424,-0.556,825.0,0.0,383.0,471.0,0.0
755.944,DET,63,OK,159744.0,159744.0,-46.295,-0.458,919.0,0.0,428.0,481.0,0.0
765.912,DET,64,OK,159744.0,159744.0,-46.355,-0.431,931.0,0.0,421.0,487.0,0.0
775.887,DET,65,OK,159744.0,159744.0,-46.401,-0.545,884.0,0.0,415.0,513.0,0.0
785.874,DET,66,OK,159744.0,159744.0,-46.312,-0.52,1065.0,0.0,411.0,473.0,0.0
795.909,DET,67,OK,159744.0,159744.0,-46.266,-0.476,948.0,0.0,412.0,442.0,0.0
805.872,DET,68,OK,159744.0,159744.0,-46.378,-0.46,836.0,0.0,390.0,486.0,0.0
815.852,DET,69,OK,159744.0,159744.0,-46.404,-0.504,813.0,0.0,414.0,488.0,0.0
825.827,DET,70,OK,159744.0,159744.0,-46.281,-0.515,957.0,0.0,414.0,440.0,0.0
835.808,DET,71,OK,159744.0,159744.0,-46.346,-0.458,913.0,0.0,385.0,487.0,0.0
845.773,DET,72,OK,159744.0,159744.0,-46.417,-0.524,869.0,0.0,407.0,467.0,0.0
855.817,DET,73,OK,159744.0,159744.0,-46.281,-0.479,1153.0,0.0,415.0,460.0,0.0
865.791,DET,74,OK,159744.0,159744.0,-46.307,-0.484,870.0,0.0,420.0,461.0,0.0
875.766,DET,75,OK,159744.0,159744.0,-46.365,-0.47,791.0,0.0,425.0,494.0,0.0
885.737,DET,76,OK,159744.0,159744.0,-46.402,-0.486,817.0,0.0,429.0,524.0,0.0
895.713,DET,77,OK,159744.0,159744.0,-46.319,-0.531,905.0,0.0,414.0,465.0,0.0
905.691,DET,78,OK,159744.0,159744.0,-46.322,-0.514,973.0,0.0,427.0,486.0,0.0
915.652,DET,79,OK,159744.0,159744.0,-46.405,-0.471,874.0,0.0,409.0,501.0,0.0
925.698,DET,80,OK,159744.0,159744.0,-46.264,-0.435,1084.0,0.0,426.0,482.0,0.0
935.677,DET,81,OK,159744.0,159744.0,-46.32,-0.53,930.0,0.0,415.0,498.0,0.0
945.648,DET,82,OK,159744.0,159744.0,-46.352,-0.499,833.0,0.0,463.0,478.0,0.0
955.627,DET,83,OK,159744.0,159744.0,-46.394,-0.531,777.0,0.0,426.0,456.0,0.0
965.598,DET,84,OK,159744.0,159744.0,-46.298,-0.439,965.0,0.0,406.0,513.0,0.0
975.575,DET,85,OK,159744.0,159744.0,-46.33,-0.5,913.0,0.0,413.0,478.0,0.0
985.6,DET,86,OK,159744.0,159744.0,-46.394,-0.486,868.0,0.0,427.0,489.0,0.0
995.59,DET,87,OK,159744.0,159744.0,-46.304,-0.512,1180.0,0.0,440.0,487.0,0.0
1005.563,DET,88,OK,159744.0,159744.0,-46.331,-0.513,891.0,0.0,418.0,458.0,0.0
1015.533,DET,89,OK,159744.0,159744.0,-46.351,-0.484,800.0,0.0,416.0,471.0,0.0
1025.511,DET,90,OK,159744.0,159744.0,-46.399,-0.428,790.0,0.0,415.0,524.0,0.0
1035.486,DET,91,OK,159744.0,159744.0,-46.3,-0.518,921.0,0.0,405.0,501.0,0.0
1045.459,DET,92,OK,159744.0,159744.0,-46.339,-0.476,997.0,0.0,457.0,451.0,0.0
1055.498,DET,93,OK,159744.0,159744.0,-46.407,-0.535,850.0,0.0,400.0,487.0,0.0
1065.464,DET,94,OK,159744.0,159744.0,-46.301,-0.476,1025.0,0.0,426.0,496.0,0.0
1075.44,DET,95,OK,159744.0,159744.0,-46.338,-0.514,859.0,0.0,404.0,464.0,0.0
1085.419,DET,96,OK,159744.0,159744.0,-46.373,-0.422,796.0,0.0,429.0,494.0,0.0
1095.381,DET,97,OK,159744.0,159744.0,-46.404,-0.533,830.0,0.0,458.0,457.0,0.0
1105.357,DET,98,OK,159744.0,159744.0,-46.304,-0.484,908.0,0.0,429.0,519.0,0.0
1115.341,DET,99,OK,159744.0,159744.0,-46.374,-0.562,957.0,0.0,413.0,514.0,0.0
1125.376,DET,100,OK,159744.0,159744.0,-46.39,-0.432,850.0,0.0,433.0,514.0,0.0
1135.353,DET,101,OK,159744.0,159744.0,-46.318,-0.496,994.0,0.0,388.0,495.0,0.0
1145.331,DET,102,OK,159744.0,159744.0,-46.344,-0.537,907.0,0.0,437.0,437.0,0.0
1155.303,DET,103,OK,159744.0,159744.0,-46.348,-0.481,845.0,0.0,416.0,450.0,0.0
1165.271,DET,104,OK,159744.0,159744.0,-46.407,-0.471,818.0,0.0,414.0,461.0,0.0
1175.252,DET,105,OK,159744.0,159744.0,-46.279,-0.459,958.0,0.0,405.0,471.0,0.0
1185.281,DET,106,OK,159744.0,159744.0,-46.381,-0.48,965.0,0.0,393.0,509.0,0.0
1195.266,DET,107,OK,159744.0,159744.0,-46.385,-0.52,915.0,0.0,424.0,528.0,0.0
