machine,variant,precision,score,auc_source_mean,auc_source_std,auc_source_count,auc_target_mean,auc_target_std,auc_target_count,pauc_mean,pauc_std,pauc_count,hmean_mean,hmean_std,hmean_count
ToyCar,baseline,fp32,mahala,0.7862,,1,0.2472,,1,0.49,,1,0.4077,,1
ToyCar,baseline,fp32,mse,0.7668,,1,0.211,,1,0.4832,,1,0.3698,,1
ToyCar,baseline,fp32_tflite,mse,0.7668,,1,0.211,,1,0.4832,,1,0.3698,,1
ToyCar,baseline,int8,mahala,0.7844,,1,0.2496,,1,0.4942,,1,0.4107,,1
ToyCar,baseline,int8,mse,0.7704,,1,0.2088,,1,0.4811,,1,0.3674,,1
ToyCar,tiny16,fp32,mahala,0.763,,1,0.248,,1,0.4926,,1,0.4069,,1
ToyCar,tiny16,fp32,mse,0.6982,,1,0.2196,,1,0.4811,,1,0.372,,1
ToyCar,tiny16,fp32_tflite,mse,0.6982,,1,0.2196,,1,0.4811,,1,0.372,,1
ToyCar,tiny16,int8,mahala,0.761,,1,0.2486,,1,0.4932,,1,0.4074,,1
ToyCar,tiny16,int8,mse,0.6676,,1,0.2352,,1,0.4821,,1,0.3834,,1
ToyCar,tiny32,fp32,mahala,0.7744,,1,0.2366,,1,0.4853,,1,0.3959,,1
ToyCar,tiny32,fp32,mse,0.7406,,1,0.225,,1,0.4874,,1,0.3823,,1
ToyCar,tiny32,fp32_tflite,mse,0.7406,,1,0.225,,1,0.4874,,1,0.3823,,1
ToyCar,tiny32,int8,mahala,0.7744,,1,0.24,,1,0.4911,,1,0.4003,,1
ToyCar,tiny32,int8,mse,0.756,,1,0.2202,,1,0.4868,,1,0.3789,,1
ToyCar,tiny32b4,fp32,mahala,0.7634,,1,0.2412,,1,0.4858,,1,0.3992,,1
ToyCar,tiny32b4,fp32,mse,0.7112,,1,0.2044,,1,0.4747,,1,0.3569,,1
ToyCar,tiny32b4,fp32_tflite,mse,0.7112,,1,0.2044,,1,0.4747,,1,0.3569,,1
ToyCar,tiny32b4,int8,mahala,0.7636,,1,0.2428,,1,0.4874,,1,0.4011,,1
ToyCar,tiny32b4,int8,mse,0.6998,,1,0.2036,,1,0.4747,,1,0.3552,,1
ToyCar,tiny64,fp32,mahala,0.7576,,1,0.2376,,1,0.4926,,1,0.3969,,1
ToyCar,tiny64,fp32,mse,0.7006,,1,0.2204,,1,0.4847,,1,0.3737,,1
ToyCar,tiny64,fp32_tflite,mse,0.7006,,1,0.2204,,1,0.4847,,1,0.3737,,1
ToyCar,tiny64,int8,mahala,0.7546,,1,0.2516,,1,0.4937,,1,0.4095,,1
ToyCar,tiny64,int8,mse,0.687,,1,0.2192,,1,0.4868,,1,0.3717,,1
ToyCarEmu,baseline,fp32,mahala,0.7766,,1,0.3516,,1,0.55,,1,0.5042,,1
ToyCarEmu,baseline,fp32,mse,0.7736,,1,0.4218,,1,0.5574,,1,0.5497,,1
ToyCarEmu,baseline,fp32_tflite,mse,0.7736,,1,0.4218,,1,0.5574,,1,0.5497,,1
ToyCarEmu,baseline,int8,mahala,0.7788,,1,0.347,,1,0.5495,,1,0.5012,,1
ToyCarEmu,baseline,int8,mse,0.772,,1,0.424,,1,0.5584,,1,0.551,,1
ToyCarEmu,tiny16,fp32,mahala,0.7758,,1,0.3408,,1,0.5253,,1,0.4896,,1
ToyCarEmu,tiny16,fp32,mse,0.7504,,1,0.4058,,1,0.5137,,1,0.5223,,1
ToyCarEmu,tiny16,fp32_tflite,mse,0.7504,,1,0.4058,,1,0.5137,,1,0.5223,,1
ToyCarEmu,tiny16,int8,mahala,0.7738,,1,0.338,,1,0.5247,,1,0.4873,,1
ToyCarEmu,tiny16,int8,mse,0.7508,,1,0.4036,,1,0.5142,,1,0.5213,,1
ToyCarEmu,tiny32,fp32,mahala,0.7728,,1,0.3746,,1,0.5316,,1,0.5133,,1
ToyCarEmu,tiny32,fp32,mse,0.7496,,1,0.4318,,1,0.5116,,1,0.5353,,1
ToyCarEmu,tiny32,fp32_tflite,mse,0.7496,,1,0.4318,,1,0.5116,,1,0.5353,,1
ToyCarEmu,tiny32,int8,mahala,0.7732,,1,0.374,,1,0.5274,,1,0.5117,,1
ToyCarEmu,tiny32,int8,mse,0.7478,,1,0.441,,1,0.5111,,1,0.5394,,1
ToyCarEmu,tiny32b4,fp32,mahala,0.771,,1,0.3352,,1,0.5258,,1,0.4853,,1
ToyCarEmu,tiny32b4,fp32,mse,0.7556,,1,0.4122,,1,0.5216,,1,0.5294,,1
ToyCarEmu,tiny32b4,fp32_tflite,mse,0.7556,,1,0.4122,,1,0.5216,,1,0.5294,,1
ToyCarEmu,tiny32b4,int8,mahala,0.7722,,1,0.334,,1,0.5242,,1,0.4841,,1
ToyCarEmu,tiny32b4,int8,mse,0.757,,1,0.4142,,1,0.5195,,1,0.53,,1
ToyCarEmu,tiny64,fp32,mahala,0.7798,,1,0.3488,,1,0.5447,,1,0.5012,,1
ToyCarEmu,tiny64,fp32,mse,0.7754,,1,0.4186,,1,0.5195,,1,0.5354,,1
ToyCarEmu,tiny64,fp32_tflite,mse,0.7754,,1,0.4186,,1,0.5195,,1,0.5354,,1
ToyCarEmu,tiny64,int8,mahala,0.7834,,1,0.3478,,1,0.5363,,1,0.4986,,1
ToyCarEmu,tiny64,int8,mse,0.7794,,1,0.4284,,1,0.5189,,1,0.5411,,1
bearingEmu,baseline,fp32,mahala,0.5968,,1,0.5764,,1,0.5937,,1,0.5888,,1
bearingEmu,baseline,fp32,mse,0.5926,,1,0.5692,,1,0.5895,,1,0.5836,,1
bearingEmu,baseline,fp32_tflite,mse,0.5926,,1,0.5692,,1,0.5895,,1,0.5836,,1
bearingEmu,baseline,int8,mahala,0.5976,,1,0.5738,,1,0.5926,,1,0.5878,,1
bearingEmu,baseline,int8,mse,0.5898,,1,0.568,,1,0.5889,,1,0.5821,,1
bearingEmu,tiny16,fp32,mahala,0.5544,,1,0.5388,,1,0.5337,,1,0.5422,,1
bearingEmu,tiny16,fp32,mse,0.5244,,1,0.5286,,1,0.5189,,1,0.524,,1
bearingEmu,tiny16,fp32_tflite,mse,0.5244,,1,0.5286,,1,0.5189,,1,0.524,,1
bearingEmu,tiny16,int8,mahala,0.5546,,1,0.538,,1,0.5337,,1,0.5419,,1
bearingEmu,tiny16,int8,mse,0.5242,,1,0.5274,,1,0.5211,,1,0.5242,,1
bearingEmu,tiny32,fp32,mahala,0.5908,,1,0.5812,,1,0.5974,,1,0.5897,,1
bearingEmu,tiny32,fp32,mse,0.5822,,1,0.5722,,1,0.5905,,1,0.5815,,1
bearingEmu,tiny32,fp32_tflite,mse,0.5822,,1,0.5722,,1,0.5905,,1,0.5815,,1
bearingEmu,tiny32,int8,mahala,0.5908,,1,0.5804,,1,0.5984,,1,0.5898,,1
bearingEmu,tiny32,int8,mse,0.577,,1,0.5678,,1,0.5895,,1,0.578,,1
bearingEmu,tiny32b4,fp32,mahala,0.5748,,1,0.5594,,1,0.57,,1,0.568,,1
bearingEmu,tiny32b4,fp32,mse,0.5694,,1,0.5632,,1,0.5711,,1,0.5679,,1
bearingEmu,tiny32b4,fp32_tflite,mse,0.5694,,1,0.5632,,1,0.5711,,1,0.5679,,1
bearingEmu,tiny32b4,int8,mahala,0.5738,,1,0.5592,,1,0.5668,,1,0.5666,,1
bearingEmu,tiny32b4,int8,mse,0.5682,,1,0.5616,,1,0.5695,,1,0.5664,,1
bearingEmu,tiny64,fp32,mahala,0.5944,,1,0.5908,,1,0.5884,,1,0.5912,,1
bearingEmu,tiny64,fp32,mse,0.5834,,1,0.576,,1,0.5695,,1,0.5762,,1
bearingEmu,tiny64,fp32_tflite,mse,0.5834,,1,0.576,,1,0.5695,,1,0.5762,,1
bearingEmu,tiny64,int8,mahala,0.591,,1,0.5862,,1,0.5879,,1,0.5884,,1
bearingEmu,tiny64,int8,mse,0.5826,,1,0.5712,,1,0.5668,,1,0.5735,,1
fan,baseline,fp32,mahala,0.6118,,1,0.531,,1,0.5305,,1,0.5553,,1
fan,baseline,fp32,mse,0.6398,0.0046,5,0.4703,0.01,5,0.5406,0.0021,5,0.5415,0.0034,5
fan,baseline,fp32_tflite,mse,0.6398,0.0046,5,0.4703,0.01,5,0.5406,0.0021,5,0.5415,0.0034,5
fan,baseline,int8,mahala,0.6118,,1,0.5372,,1,0.5311,,1,0.5577,,1
fan,baseline,int8,mse,0.6427,0.0095,5,0.471,0.0139,5,0.542,0.0007,5,0.5429,0.0056,5
fan,tiny16,fp32,mahala,0.5868,,1,0.5442,,1,0.5147,,1,0.547,,1
fan,tiny16,fp32,mse,0.61,0.0163,6,0.4453,0.0099,6,0.5154,0.0018,6,0.5148,0.0035,6
fan,tiny16,fp32_tflite,mse,0.6129,0.0163,5,0.4413,0.0016,5,0.516,0.0013,5,0.514,0.0032,5
fan,tiny16,int8,mahala,0.5868,,1,0.543,,1,0.5153,,1,0.5468,,1
fan,tiny16,int8,mse,0.6127,0.0159,5,0.44,0.0028,5,0.5153,0.0015,5,0.5131,0.003,5
fan,tiny32,fp32,mahala,0.5896,,1,0.5202,,1,0.5163,,1,0.54,,1
fan,tiny32,fp32,mse,0.5913,0.0067,5,0.4525,0.0046,5,0.5241,0.005,5,0.5164,0.0013,5
fan,tiny32,fp32_tflite,mse,0.5913,0.0067,5,0.4525,0.0046,5,0.5241,0.005,5,0.5164,0.0013,5
fan,tiny32,int8,mahala,0.6018,,1,0.5272,,1,0.5189,,1,0.5469,,1
fan,tiny32,int8,mse,0.592,0.0088,5,0.453,0.0048,5,0.5242,0.0055,5,0.5168,0.0021,5
fan,tiny32b4,fp32,mahala,0.577,,1,0.5404,,1,0.5121,,1,0.5419,,1
fan,tiny32b4,fp32,mse,0.5888,0.0127,5,0.4442,0.0101,5,0.5158,0.0017,5,0.5094,0.006,5
fan,tiny32b4,fp32_tflite,mse,0.5888,0.0127,5,0.4442,0.0101,5,0.5158,0.0017,5,0.5094,0.006,5
fan,tiny32b4,int8,mahala,0.5814,,1,0.5376,,1,0.5132,,1,0.5426,,1
fan,tiny32b4,int8,mse,0.5896,0.0145,5,0.4459,0.0116,5,0.5169,0.0029,5,0.5106,0.0058,5
fan,tiny64,fp32,mahala,0.592,,1,0.5192,,1,0.5242,,1,0.5432,,1
fan,tiny64,fp32,mse,0.6142,0.0047,5,0.4534,0.0043,5,0.5356,0.0053,5,0.5262,0.0038,5
fan,tiny64,fp32_tflite,mse,0.6142,0.0047,5,0.4534,0.0043,5,0.5356,0.0053,5,0.5262,0.0038,5
fan,tiny64,int8,mahala,0.596,,1,0.52,,1,0.5237,,1,0.5444,,1
fan,tiny64,int8,mse,0.6143,0.0082,5,0.4523,0.0043,5,0.5355,0.0044,5,0.5257,0.0028,5
gearboxEmu,baseline,fp32,mahala,0.683,,1,0.4804,,1,0.5079,,1,0.544,,1
gearboxEmu,baseline,fp32,mse,0.7532,,1,0.4202,,1,0.4753,,1,0.5162,,1
gearboxEmu,baseline,fp32_tflite,mse,0.7532,,1,0.4202,,1,0.4753,,1,0.5162,,1
gearboxEmu,baseline,int8,mahala,0.6808,,1,0.4802,,1,0.5089,,1,0.5439,,1
gearboxEmu,baseline,int8,mse,0.7538,,1,0.423,,1,0.4768,,1,0.5183,,1
gearboxEmu,tiny16,fp32,mahala,0.6668,,1,0.4656,,1,0.5205,,1,0.5387,,1
gearboxEmu,tiny16,fp32,mse,0.7086,,1,0.4208,,1,0.4889,,1,0.5143,,1
gearboxEmu,tiny16,fp32_tflite,mse,0.7086,,1,0.4208,,1,0.4889,,1,0.5143,,1
gearboxEmu,tiny16,int8,mahala,0.667,,1,0.4656,,1,0.5211,,1,0.539,,1
gearboxEmu,tiny16,int8,mse,0.7076,,1,0.4192,,1,0.4874,,1,0.5128,,1
gearboxEmu,tiny32,fp32,mahala,0.6716,,1,0.4718,,1,0.52,,1,0.5423,,1
gearboxEmu,tiny32,fp32,mse,0.724,,1,0.4296,,1,0.4842,,1,0.5196,,1
gearboxEmu,tiny32,fp32_tflite,mse,0.724,,1,0.4296,,1,0.4842,,1,0.5196,,1
gearboxEmu,tiny32,int8,mahala,0.6704,,1,0.4718,,1,0.5205,,1,0.5423,,1
gearboxEmu,tiny32,int8,mse,0.7222,,1,0.4308,,1,0.4853,,1,0.5202,,1
gearboxEmu,tiny32b4,fp32,mahala,0.6682,,1,0.4862,,1,0.5316,,1,0.552,,1
gearboxEmu,tiny32b4,fp32,mse,0.714,,1,0.4382,,1,0.4932,,1,0.5254,,1
gearboxEmu,tiny32b4,fp32_tflite,mse,0.714,,1,0.4382,,1,0.4932,,1,0.5254,,1
gearboxEmu,tiny32b4,int8,mahala,0.6672,,1,0.4854,,1,0.5305,,1,0.5511,,1
gearboxEmu,tiny32b4,int8,mse,0.7152,,1,0.4388,,1,0.4921,,1,0.5255,,1
gearboxEmu,tiny64,fp32,mahala,0.6642,,1,0.477,,1,0.5058,,1,0.5377,,1
gearboxEmu,tiny64,fp32,mse,0.7332,,1,0.447,,1,0.4905,,1,0.5319,,1
gearboxEmu,tiny64,fp32_tflite,mse,0.7332,,1,0.447,,1,0.4905,,1,0.5319,,1
gearboxEmu,tiny64,int8,mahala,0.664,,1,0.4806,,1,0.5126,,1,0.5418,,1
gearboxEmu,tiny64,int8,mse,0.7334,,1,0.447,,1,0.4905,,1,0.532,,1
sliderEmu,baseline,fp32,mahala,0.6404,,1,0.4276,,1,0.5021,,1,0.5092,,1
sliderEmu,baseline,fp32,mse,0.674,,1,0.4602,,1,0.4968,,1,0.5292,,1
sliderEmu,baseline,fp32_tflite,mse,0.674,,1,0.4602,,1,0.4968,,1,0.5292,,1
sliderEmu,baseline,int8,mahala,0.6422,,1,0.4292,,1,0.5016,,1,0.5101,,1
sliderEmu,baseline,int8,mse,0.6744,,1,0.4606,,1,0.4979,,1,0.5298,,1
sliderEmu,tiny16,fp32,mahala,0.6074,,1,0.4066,,1,0.4979,,1,0.4907,,1
sliderEmu,tiny16,fp32,mse,0.6568,,1,0.4354,,1,0.4821,,1,0.509,,1
sliderEmu,tiny16,fp32_tflite,mse,0.6568,,1,0.4354,,1,0.4821,,1,0.509,,1
sliderEmu,tiny16,int8,mahala,0.609,,1,0.4076,,1,0.4979,,1,0.4915,,1
sliderEmu,tiny16,int8,mse,0.6554,,1,0.4356,,1,0.4821,,1,0.5088,,1
sliderEmu,tiny32,fp32,mahala,0.6254,,1,0.4198,,1,0.4989,,1,0.5012,,1
sliderEmu,tiny32,fp32,mse,0.6562,,1,0.4396,,1,0.4932,,1,0.5149,,1
sliderEmu,tiny32,fp32_tflite,mse,0.6562,,1,0.4396,,1,0.4932,,1,0.5149,,1
sliderEmu,tiny32,int8,mahala,0.6238,,1,0.42,,1,0.4984,,1,0.5008,,1
sliderEmu,tiny32,int8,mse,0.6574,,1,0.4392,,1,0.4937,,1,0.5151,,1
sliderEmu,tiny32b4,fp32,mahala,0.621,,1,0.4232,,1,0.4974,,1,0.5014,,1
sliderEmu,tiny32b4,fp32,mse,0.6592,,1,0.4506,,1,0.4811,,1,0.5159,,1
sliderEmu,tiny32b4,fp32_tflite,mse,0.6592,,1,0.4506,,1,0.4811,,1,0.5159,,1
sliderEmu,tiny32b4,int8,mahala,0.6218,,1,0.424,,1,0.4968,,1,0.5017,,1
sliderEmu,tiny32b4,int8,mse,0.6592,,1,0.4514,,1,0.4811,,1,0.5163,,1
sliderEmu,tiny64,fp32,mahala,0.6394,,1,0.4322,,1,0.4974,,1,0.5095,,1
sliderEmu,tiny64,fp32,mse,0.683,,1,0.4638,,1,0.4953,,1,0.532,,1
sliderEmu,tiny64,fp32_tflite,mse,0.683,,1,0.4638,,1,0.4953,,1,0.532,,1
sliderEmu,tiny64,int8,mahala,0.6394,,1,0.4336,,1,0.4968,,1,0.5099,,1
sliderEmu,tiny64,int8,mse,0.684,,1,0.4666,,1,0.4947,,1,0.5332,,1
valveEmu,baseline,fp32,mahala,0.6914,,1,0.7146,,1,0.5358,,1,0.6367,,1
valveEmu,baseline,fp32,mse,0.6788,,1,0.648,,1,0.5389,,1,0.6158,,1
valveEmu,baseline,fp32_tflite,mse,0.6788,,1,0.648,,1,0.5389,,1,0.6158,,1
valveEmu,baseline,int8,mahala,0.6896,,1,0.7158,,1,0.5347,,1,0.636,,1
valveEmu,baseline,int8,mse,0.679,,1,0.6498,,1,0.5379,,1,0.6159,,1
valveEmu,tiny16,fp32,mahala,0.5348,,1,0.621,,1,0.5174,,1,0.5542,,1
valveEmu,tiny16,fp32,mse,0.5176,,1,0.5246,,1,0.53,,1,0.524,,1
valveEmu,tiny16,fp32_tflite,mse,0.5176,,1,0.5246,,1,0.53,,1,0.524,,1
valveEmu,tiny16,int8,mahala,0.5324,,1,0.6184,,1,0.5189,,1,0.5533,,1
valveEmu,tiny16,int8,mse,0.513,,1,0.5202,,1,0.5284,,1,0.5205,,1
valveEmu,tiny32,fp32,mahala,0.567,,1,0.6428,,1,0.5211,,1,0.5727,,1
valveEmu,tiny32,fp32,mse,0.5688,,1,0.5876,,1,0.5268,,1,0.5599,,1
valveEmu,tiny32,fp32_tflite,mse,0.5688,,1,0.5876,,1,0.5268,,1,0.5599,,1
valveEmu,tiny32,int8,mahala,0.5686,,1,0.6394,,1,0.5216,,1,0.5725,,1
valveEmu,tiny32,int8,mse,0.564,,1,0.5826,,1,0.5258,,1,0.5564,,1
valveEmu,tiny32b4,fp32,mahala,0.5934,,1,0.6738,,1,0.5289,,1,0.5929,,1
valveEmu,tiny32b4,fp32,mse,0.5694,,1,0.5888,,1,0.5405,,1,0.5655,,1
valveEmu,tiny32b4,fp32_tflite,mse,0.5694,,1,0.5888,,1,0.5405,,1,0.5655,,1
valveEmu,tiny32b4,int8,mahala,0.5872,,1,0.6694,,1,0.5274,,1,0.589,,1
valveEmu,tiny32b4,int8,mse,0.5664,,1,0.5874,,1,0.5405,,1,0.5641,,1
valveEmu,tiny64,fp32,mahala,0.6116,,1,0.6568,,1,0.5258,,1,0.5929,,1
valveEmu,tiny64,fp32,mse,0.606,,1,0.5934,,1,0.5263,,1,0.573,,1
valveEmu,tiny64,fp32_tflite,mse,0.606,,1,0.5934,,1,0.5263,,1,0.573,,1
valveEmu,tiny64,int8,mahala,0.6078,,1,0.6476,,1,0.5321,,1,0.5919,,1
valveEmu,tiny64,int8,mse,0.5982,,1,0.583,,1,0.5279,,1,0.568,,1
