"tag","machine","variant","seed","score","precision","n_params","auc_source","auc_target","pauc","hmean"
"fan_baseline_s0","fan","baseline","0","mse","fp32","269992","0.6392","0.4682","0.5405","0.5405"
"fan_baseline_s0","fan","baseline","0","mse","fp32_tflite","269992","0.6392","0.4682","0.5405","0.5405"
"fan_baseline_s0","fan","baseline","0","mse","int8","269992","0.6412","0.4694","0.5421","0.542"
"fan_tiny64_s0","fan","tiny64","0","mse","fp32","93096","0.6066","0.4534","0.5389","0.5254"
"fan_tiny64_s0","fan","tiny64","0","mse","fp32_tflite","93096","0.6066","0.4534","0.5389","0.5254"
"fan_tiny64_s0","fan","tiny64","0","mse","int8","93096","0.6006","0.452","0.5389","0.5233"
"fan_tiny32_s0","fan","tiny32","0","mse","fp32","44840","0.5934","0.4516","0.5226","0.5161"
"fan_tiny32_s0","fan","tiny32","0","mse","fp32_tflite","44840","0.5934","0.4516","0.5226","0.5161"
"fan_tiny32_s0","fan","tiny32","0","mse","int8","44840","0.5998","0.4508","0.5232","0.5175"
"fan_tiny16_s0","fan","tiny16","0","mse","fp32","22100","0.616","0.4408","0.5158","0.5145"
"fan_tiny16_s0","fan","tiny16","0","mse","fp32_tflite","22100","0.616","0.4408","0.5158","0.5145"
"fan_tiny16_s0","fan","tiny16","0","mse","int8","22100","0.62","0.4368","0.5147","0.5133"
"fan_tiny32b4_s0","fan","tiny32b4","0","mse","fp32","44564","0.5762","0.4462","0.5153","0.507"
"fan_tiny32b4_s0","fan","tiny32b4","0","mse","fp32_tflite","44564","0.5762","0.4462","0.5153","0.507"
"fan_tiny32b4_s0","fan","tiny32b4","0","mse","int8","44564","0.5752","0.4532","0.5174","0.5104"
