host_utc,elapsed_s,firmware_session_index,run_det_index,condition,condition_confirmed,transition_window,protocol_valid,window,score,lo,threshold,alarm,total_alarm,consecutive,verdict,level_dbfs,compute_ms
2026-08-22T12:26:48.908+00:00,992.469,1,1,unconfirmed,0,0,1,1,367.981293,0.0,4374.05859,0,0,0,normal,-47.1,716
2026-08-22T12:26:58.883+00:00,1002.438,1,2,unconfirmed,0,0,1,2,286.097076,0.0,4374.05859,0,0,0,normal,-47.7,727
2026-08-22T12:27:08.856+00:00,1012.407,1,3,unconfirmed,0,0,1,3,548.086121,0.0,4374.05859,0,0,0,normal,-47.5,716
2026-08-22T12:27:18.831+00:00,1022.391,1,4,unconfirmed,0,0,1,4,487.38736,0.0,4374.05859,0,0,0,normal,-48.1,716
2026-08-22T12:27:28.805+00:00,1032.36,1,5,unconfirmed,0,0,1,5,276.328613,0.0,4374.05859,0,0,0,normal,-47.5,716
2026-08-22T12:27:38.779+00:00,1042.328,1,6,unconfirmed,0,0,1,6,288.878632,0.0,4374.05859,0,0,0,normal,-47.1,716
2026-08-22T12:27:48.819+00:00,1052.375,1,7,unconfirmed,0,0,1,7,400.336182,0.0,4374.05859,0,0,0,normal,-47.0,716
2026-08-22T12:27:58.792+00:00,1062.344,1,8,unconfirmed,0,0,1,8,275.705017,0.0,4374.05859,0,0,0,normal,-47.5,716
2026-08-22T12:28:08.766+00:00,1072.328,1,9,unconfirmed,0,0,1,9,318.855774,0.0,4374.05859,0,0,0,normal,-47.5,716
2026-08-22T12:28:18.741+00:00,1082.297,1,10,unconfirmed,0,0,1,10,314.651733,0.0,4374.05859,0,0,0,normal,-46.9,716
2026-08-22T12:28:28.715+00:00,1092.266,1,11,unconfirmed,0,0,1,11,448.665588,0.0,4374.05859,0,0,0,normal,-46.9,716
2026-08-22T12:28:38.690+00:00,1102.25,1,12,unconfirmed,0,0,1,12,1860.47302,0.0,4374.05859,0,0,0,normal,-47.5,716
2026-08-22T12:28:48.664+00:00,1112.219,1,13,normal_baseline,1,1,1,13,201.496841,0.0,4374.05859,0,0,0,normal,-48.0,716
2026-08-22T12:28:58.703+00:00,1122.25,1,14,normal_baseline,1,0,1,14,264.674316,0.0,4374.05859,0,0,0,normal,-47.7,716
2026-08-22T12:29:08.678+00:00,1132.235,1,15,normal_baseline,1,0,1,15,508.226196,0.0,4374.05859,0,0,0,normal,-47.1,716
2026-08-22T12:29:18.651+00:00,1142.203,1,16,normal_baseline,1,0,1,16,383.809845,0.0,4374.05859,0,0,0,normal,-46.9,716
2026-08-22T12:29:28.625+00:00,1152.172,1,17,normal_baseline,1,0,1,17,602.201294,0.0,4374.05859,0,0,0,normal,-46.8,716
2026-08-22T12:29:38.599+00:00,1162.157,1,18,airflow_change_paper_1,1,1,1,18,4139.48145,0.0,4374.05859,0,0,0,normal,-46.6,716
2026-08-22T12:29:48.574+00:00,1172.125,1,19,airflow_change_paper_1,1,0,1,19,10073.4707,0.0,4374.05859,0,0,1,iznad praga,-46.2,716
2026-08-22T12:29:58.610+00:00,1182.172,1,20,airflow_change_paper_1,1,0,1,20,5020.01074,0.0,4374.05859,0,0,2,iznad praga,-45.5,716
2026-08-22T12:30:08.585+00:00,1192.141,1,21,airflow_change_paper_1,1,0,1,21,8457.7959,0.0,4374.05859,1,1,3,ALARM,-45.5,716
2026-08-22T12:30:18.560+00:00,1202.11,1,22,airflow_change_paper_1,1,0,1,22,17955.4062,0.0,4374.05859,1,2,3,ALARM,-44.7,716
2026-08-22T12:30:28.534+00:00,1212.094,1,23,recovery_normal_1,1,1,1,23,12930.2266,0.0,4374.05859,1,3,3,ALARM,-45.1,716
2026-08-22T12:30:38.508+00:00,1222.063,1,24,recovery_normal_1,1,0,1,24,1924.03027,0.0,4374.05859,1,4,3,ALARM,-46.5,716
2026-08-22T12:30:48.482+00:00,1232.032,1,25,recovery_normal_1,1,0,1,25,1282.32117,0.0,4374.05859,1,5,3,ALARM,-46.8,716
2026-08-22T12:30:58.456+00:00,1242.016,1,26,recovery_normal_1,1,0,1,26,1413.25232,0.0,4374.05859,1,6,3,ALARM,-46.4,716
2026-08-22T12:31:08.496+00:00,1252.047,1,27,recovery_normal_1,1,0,1,27,1002.47314,0.0,4374.05859,1,7,3,ALARM,-46.7,716
2026-08-22T12:31:18.469+00:00,1262.032,1,28,airflow_change_paper_2,1,1,1,28,3912.52173,0.0,4374.05859,1,8,3,ALARM,-46.4,716
2026-08-22T12:31:28.444+00:00,1272.0,1,29,airflow_change_paper_2,1,0,1,29,30191.0762,0.0,4374.05859,1,9,3,ALARM,-42.7,716
2026-08-22T12:31:38.418+00:00,1281.969,1,30,airflow_change_paper_2,1,0,1,30,19121.5176,0.0,4374.05859,1,10,3,ALARM,-43.4,716
2026-08-22T12:31:48.393+00:00,1291.953,1,31,airflow_change_paper_2,1,0,1,31,25804.8613,0.0,4374.05859,1,11,3,ALARM,-43.5,716
2026-08-22T12:31:58.367+00:00,1301.922,1,32,airflow_change_paper_2,1,0,1,32,30662.002,0.0,4374.05859,1,12,3,ALARM,-43.4,716
2026-08-22T12:32:08.404+00:00,1311.953,1,33,recovery_normal_2,1,1,1,33,24698.0156,0.0,4374.05859,1,13,3,ALARM,-44.2,716
2026-08-22T12:32:18.379+00:00,1321.938,1,34,recovery_normal_2,1,0,1,34,1030.78638,0.0,4374.05859,1,14,3,ALARM,-47.3,716
2026-08-22T12:32:28.352+00:00,1331.907,1,35,recovery_normal_2,1,0,1,35,968.264221,0.0,4374.05859,1,15,3,ALARM,-47.5,716
2026-08-22T12:32:38.328+00:00,1341.875,1,36,recovery_normal_2,1,0,1,36,1432.02258,0.0,4374.05859,1,16,3,ALARM,-47.7,716
2026-08-22T12:32:48.302+00:00,1351.86,1,37,recovery_normal_2,1,0,1,37,1395.94202,0.0,4374.05859,1,17,3,ALARM,-47.6,716
2026-08-22T12:32:58.276+00:00,1361.828,1,38,airflow_change_paper_3,1,1,1,38,4930.31006,0.0,4374.05859,1,18,3,ALARM,-47.7,716
2026-08-22T12:33:08.251+00:00,1371.813,1,39,airflow_change_paper_3,1,0,1,39,29151.0898,0.0,4374.05859,1,19,3,ALARM,-45.3,716
2026-08-22T12:33:18.288+00:00,1381.844,1,40,airflow_change_paper_3,1,0,1,40,39874.2305,0.0,4374.05859,1,20,3,ALARM,-46.6,716
2026-08-22T12:33:28.263+00:00,1391.813,1,41,airflow_change_paper_3,1,0,1,41,46252.1758,0.0,4374.05859,1,21,3,ALARM,-45.9,716
2026-08-22T12:33:38.237+00:00,1401.797,1,42,airflow_change_paper_3,1,0,1,42,43339.582,0.0,4374.05859,1,22,3,ALARM,-45.1,716
2026-08-22T12:33:48.212+00:00,1411.766,1,43,recovery_normal_3,1,1,1,43,21655.2012,0.0,4374.05859,1,23,3,ALARM,-45.1,716
2026-08-22T12:33:58.186+00:00,1421.735,1,44,recovery_normal_3,1,0,1,44,1103.9751,0.0,4374.05859,1,24,3,ALARM,-48.0,716
2026-08-22T12:34:08.160+00:00,1431.719,1,45,recovery_normal_3,1,0,1,45,752.008118,0.0,4374.05859,0,24,0,normal,-47.5,716
2026-08-22T12:34:18.134+00:00,1441.688,1,46,recovery_normal_3,1,0,1,46,622.214783,0.0,4374.05859,0,24,0,normal,-47.9,716
2026-08-22T12:34:28.173+00:00,1451.735,1,47,recovery_normal_3,1,0,1,47,451.671448,0.0,4374.05859,0,24,0,normal,-47.1,716
2026-08-22T12:34:38.148+00:00,1461.703,1,48,ambient_speech,1,1,1,48,953.005127,0.0,4374.05859,0,24,0,normal,-46.7,716
2026-08-22T12:34:48.123+00:00,1471.672,1,49,ambient_speech,1,0,1,49,16483.4941,0.0,4374.05859,0,24,1,iznad praga,-46.1,727
2026-08-22T12:34:58.097+00:00,1481.657,1,50,ambient_speech,1,0,1,50,16114.125,0.0,4374.05859,0,24,2,iznad praga,-45.7,716
2026-08-22T12:35:08.069+00:00,1491.625,1,51,ambient_speech,1,0,1,51,21162.1816,0.0,4374.05859,1,25,3,ALARM,-45.6,716
2026-08-22T12:35:18.044+00:00,1501.594,1,52,ambient_speech,1,0,1,52,12541.9814,0.0,4374.05859,1,26,3,ALARM,-46.2,716
2026-08-22T12:35:28.081+00:00,1511.641,1,53,recovery_after_speech,1,1,1,53,12852.4326,0.0,4374.05859,1,27,3,ALARM,-46.8,716
2026-08-22T12:35:38.056+00:00,1521.61,1,54,recovery_after_speech,1,0,1,54,534.325684,0.0,4374.05859,0,27,0,normal,-46.5,716
2026-08-22T12:35:48.031+00:00,1531.578,1,55,recovery_after_speech,1,0,1,55,538.483521,0.0,4374.05859,0,27,0,normal,-47.0,716
2026-08-22T12:35:58.004+00:00,1541.563,1,56,recovery_after_speech,1,0,1,56,433.58017,0.0,4374.05859,0,27,0,normal,-47.1,716
2026-08-22T12:36:07.979+00:00,1551.532,1,57,recovery_after_speech,1,0,1,57,468.448364,0.0,4374.05859,0,27,0,normal,-47.3,716
2026-08-22T12:36:17.953+00:00,1561.5,1,58,ambient_door,1,1,1,58,410.707825,0.0,4374.05859,0,27,0,normal,-47.3,716
2026-08-22T12:36:27.928+00:00,1571.485,1,59,ambient_door,1,0,1,59,3778.93774,0.0,4374.05859,0,27,0,normal,-45.3,716
2026-08-22T12:36:37.968+00:00,1581.516,1,60,ambient_door,1,0,1,60,73319.2891,0.0,4374.05859,0,27,1,iznad praga,-36.0,716
2026-08-22T12:36:47.941+00:00,1591.5,1,61,final_recovery,1,1,1,61,6137.1377,0.0,4374.05859,0,27,2,iznad praga,-46.9,716
2026-08-22T12:36:57.915+00:00,1601.469,1,62,final_recovery,1,0,1,62,652.097961,0.0,4374.05859,0,27,0,normal,-47.6,716
2026-08-22T12:37:07.889+00:00,1611.438,1,63,final_recovery,1,0,1,63,941.121643,0.0,4374.05859,0,27,0,normal,-47.1,716
2026-08-22T12:37:17.863+00:00,1621.422,1,64,final_recovery,1,0,1,64,775.112122,0.0,4374.05859,0,27,0,normal,-47.3,716
2026-08-22T12:37:27.837+00:00,1631.391,1,65,final_recovery,1,0,1,65,1123.54846,0.0,4374.05859,0,27,0,normal,-47.0,716
