host_utc,elapsed_s,firmware_session_index,record_kind,reason,raw_line
2026-08-22T12:15:10.076+00:00,293.625,1,FEATURE96,duplicate_key:protocol,"FEATURE96 protocol=asd-research-v1.0.0 session=1 phase=CAL window=7 window_start_ms=283015 window_end_ms=292296 score=0 level_dbfs=-47.5874329 quality=OK tonalness_proxy=3.14523363 dims=96 fnv1a=9c8b2066 values=-10.439887,-10.439887,1.93277359,-10.439887,-10.439887,1.86966753,-10.439887,2.08733749,-10.439887,2.15372229,1.71138239,-10.439887,1.89980555,2.54061699,2.36011696,-10.439887,1.70106268,1.46049881,1.35045242,1.2134943,1.29226398,1.39702511,1.32913971,1.21665192,1.14297009,1.42666531,1.33729649,1.16852188FLAGS protocol=asd-quality-v1.5.0 mode=LEARNING state=NO_MACHINE waiting=0 learning=1 learned=0 anomaly=0 hold=0 fault=0 green=blink_5hz red=off guided25_available=1 workflow_pending=DEFAULT research_telemetry=1 profile_persistence_allowed=0 dropped=0"
2026-08-22T12:15:20.101+00:00,303.657,1,FEATURE96,duplicate_key:protocol,"FEATURE96 protocol=asd-research-v1.0.0 session=1 phase=CAL window=8 window_start_ms=292988 window_end_ms=302270 score=0 level_dbfs=-47.5961609 quality=OK tonalness_proxy=3.25489998 dims=96 fnv1a=93ecaec8 values=-10.3433743,-10.3433743,1.33040142,-10.3433743,-10.3433743,1.46134186,-10.3433743,1.93341112,-10.3433743,1.98551369,1.41767788,-10.3433743,1.01109123,1.38186073,1.4064312,-10.3433743,1.0531292,1.10257053,1.08382988,0.999157906,0.948170662,1.03887367,1.21797276,1.30287552,1.37155056,1.47381401,1.26658249,1.06889439,1.13335896,0.988811493,0.991387367,0.981118202,1.07521915,0.946973801,1.12822342,2.37199402,3.25489998,0.817079544,0.73720932,0.915156364,0.871210098,1.38692474,0.730831146,0.792891502,0.660039902,0.755259514,0.978438377,1.40449905,0.84469223,1.03300476,1.01402283,0.868608475,0.943849564,1.88581276,0.928217888,1.00180817,1.14108467,1.35194683,1.27436733,1.38920689,1.58422089,2.46280193,2.56311131,0.26919651,0.817062378,0.613726616,0.696884155,0.829358101,0.822938919,0.966053963,0.992621422,1.18599033FLAGS protocol=asd-quality-v1.5.0 mode=LEARNING state=NO_MACHINE waiting=0 learning=1 learned=0 anomaly=0 hold=0 fault=0 green=blink_5hz red=off guided25_available=1 workflow_pending=DEFAULT research_telemetry=1 profile_persistence_allowed=0 dropped=0"
2026-08-22T12:15:30.114+00:00,313.672,1,SUBSEG96,duplicate_key:protocol,"SUBSEG96 protocol=asd-research-v1.0.0 session=1 phase=CAL window=9 group=1 segments=8 dims=96 fnv1a=306482ea values=-10.3537397,-10.3537397,1.56084156,-10.3537397,-10.3537397,1.8789196,-10.3537397,2.15330362,-10.3537397,1.93048954,1.31985474,-10.3537397,1.05511475FLAGS protocol=asd-quality-v1.5.0 mode=LEARNING state=NO_MACHINE waiting=0 learning=1 learned=0 anomaly=0 hold=0 fault=0 green=blink_5hz red=off guided25_available=1 workflow_pending=DEFAULT research_telemetry=1 profile_persistence_allowed=0 dropped=0"
2026-08-22T12:15:40.137+00:00,323.688,1,SUBSEG96,duplicate_key:protocol,"SUBSEG96 protocol=asd-research-v1.0.0 session=1 phase=CAL window=10 group=1 segments=8 dims=96 fnv1a=1450009c values=-10.3055162,-10.3055162,1.45587158,-10.3055162,-10.3055162,1.32346439,-10.3055162,1.68503666,-10.3055162,1.55032825,0.77306366,-10.3055162,1.18839169,1.6257143,1.75619602,-10.3055162,1.47051048,0.929735184,0.657159805,0.875535965,0.999115944,1.06332302,1.17666531,1.30962276,1.35913658,1.38367271,1.43113804,1.10205078,0.977484703,0.972973824,1.04092884,0.782234192,0.93187809,0.952325821,0.992271423,2.52830076,3.23423052,0.811531067,0.832411766,0.934848785,0.795586586,1.35382843,0.804321289,0.855068207,0.597746849,0.897483826,1.0986042,1.41163158,0.917507172,0.900435448,1.11144638,0.914772987,0.954039574,1.87042952,0.882909775,1.03012657,1.1242218FLAGS protocol=asd-quality-v1.5.0 mode=LEARNING state=NO_MACHINE waiting=0 learning=1 learned=0 anomaly=0 hold=0 fault=0 green=blink_5hz red=off guided25_available=1 workflow_pending=DEFAULT research_telemetry=1 profile_persistence_allowed=0 dropped=0"
2026-08-22T12:26:49.023+00:00,992.578,1,FEATURE96,duplicate_key:protocol,"FEATURE96 protocol=asd-research-v1.0.0 session=1 phase=DET window=1 window_start_ms=981323 window_end_ms=991197 score=367.981293 level_dbfs=-47.0966949 quality=OK tonalness_proxy=3.1543417 dims=96 fnv1a=2f484324 values=-10.4020872,-10.4020872,2.06829929,-10.4020872,-10.4020872,1.72026968,-10.4020872,1.94250345,-10.4020872,1.77306223,1.120368,-10.4020872,1.2749176,1.68571758,1.99844313,-10.4020872,2.06410265,1.58769703,1.56943798,1.41535091,1.08664608,0.871232986,0.990504265,1.1442337,1.41477776,1.67103243,1.42342186,1.30191135,1.18293381,0.987657547,0.864556313,0.910867691,1.21740723,1.07926083,1.02230835,2.53652382,3.1543417,0.784294128,0.63365078,0.78087616,0.957857132,1.29996872,0.639192581,0.673153877,0.606066704,0.767861366,1.01237583,1.52024841,0.719071388,0.955402374,0.964302063,0.807274818,0.932064056,1.91227198,0.841371536,0.982896805,1.06290531,1.19663525,1.13634491,1.38175678FLAGS protocol=asd-quality-v1.5.0 mode=READY state=CALIBRATED_NORMAL waiting=0 learning=0 learned=1 anomaly=0 hold=0 fault=0 green=on red=off guided25_available=1 workflow_pending=DEFAULT research_telemetry=1 profile_persistence_allowed=0 dropped=0"
2026-08-22T12:27:09.048+00:00,1012.61,1,SUBSEG96,duplicate_key:protocol,"SUBSEG96 protocol=asd-research-v1.0.0 session=1 phase=DET window=3 group=1 segments=8 dims=96 fnv1a=131d14da values=-10.3356295,-10.3356295,1.28738689,-10.3356295,-10.3356295,1.24845982,-10.3356295,1.54139996,-10.3356295,1.20976067,0.800490379,-10.3356295,1.12020874,1.52404213,1.43206692,-10.3356295,1.11733818,0.869884491,1.00721359,1.37219906,0.816734314,0.968831062,1.21892834,1.40965843,1.41352749,1.37624359,1.24383736,0.931072235,1.25501156,0.922861099,0.991567612,0.796722412,1.40288734,1.14611053,0.780226707FLAGS protocol=asd-quality-v1.5.0 mode=READY state=CALIBRATED_NORMAL waiting=0 learning=0 learned=1 anomaly=0 hold=0 fault=0 green=on red=off guided25_available=1 workflow_pending=DEFAULT research_telemetry=1 profile_persistence_allowed=0 dropped=0"
2026-08-22T12:27:19.090+00:00,1022.641,1,SUBSEG96,duplicate_key:protocol,"SUBSEG96 protocol=asd-research-v1.0.0 session=1 phase=DET window=4 group=1 segments=8 dims=96 fnv1a=cbff14fb values=-10.3173704,-10.3173704,1.63512897,-10.3173704,-10.3173704,1.27010155,-10.3173704,1.51157761,-10.3173704,1.43137741,0.923021317,-10.3173704,0.854452133,1.54048443,1.59955978,-10.3173704,1.05723381,0.656080246,1.11645412,1.26575184,0.939932823,0.67828083,1.22486591,1.27386189,1.27397537,1.72922039,1.45509529,1.25808525,1.29363346,1.21014977,0.969498634,0.984443665,1.02400017,0.875255585,0.866146088,2.58392525,3.247509,0.889656067,0.589285851,0.831941605,1.01577282,1.27972794,0.715931892,0.857335091,0.657634735,0.788407326,0.955462456,1.70115328,0.77939415,1.06823635,1.08798695,0.948563576,0.896523476,2.02825356,0.929631233,1.06792927,1.1321764,1.44122791,1.24797058,1.37929153,1.60688877,2.81424856,1.9411006,0.365282059,0.776412964,0.555217743,0.592886925,0.76515007,0.824421883,0.983620644,1.03363323,1.19194031,1.14309025,1.45780277,0.847220421,0.733546257,0.702169418,0.383829117,0.227901459,0.826254845FLAGS protocol=asd-quality-v1.5.0 mode=READY state=CALIBRATED_NORMAL waiting=0 learning=0 learned=1 anomaly=0 hold=0 fault=0 green=on red=off guided25_available=1 workflow_pending=DEFAULT research_telemetry=1 profile_persistence_allowed=0 dropped=0"
2026-08-22T12:27:29.077+00:00,1032.625,1,SUBSEG96,duplicate_key:protocol,"SUBSEG96 protocol=asd-research-v1.0.0 session=1 phase=DET window=5 group=2 segments=8 dims=96 fnv1a=d250f244 values=-10.3530836,-10.3530836,1.09373093,-10.3530836,-10.3530836,1.0222311,-10.3530836,1.33442307,-10.3530836,1.44800091,0.957238197,-10.3530836,0.943572998FLAGS protocol=asd-quality-v1.5.0 mode=READY state=CALIBRATED_NORMAL waiting=0 learning=0 learned=1 anomaly=0 hold=0 fault=0 green=on red=off guided25_available=1 workflow_pending=DEFAULT research_telemetry=1 profile_persistence_allowed=0 dropped=0"
2026-08-22T12:27:39.090+00:00,1042.641,1,SUBSEG96,duplicate_key:protocol,"SUBSEG96 protocol=asd-research-v1.0.0 session=1 phase=DET window=6 group=2 segments=8 dims=96 fnv1a=8cfeb6c7 values=-10.3458548,-10.3458548,1.34655666,-10.3458548,-10.3458548,1.29687023,-10.3458548,1.77891636,-10.3458548,2.02844143,1.48348713,-10.3458548,0.991603851,1.64905834,1.71282339,-10.3458548,1.55298424,1.4945755,1.30940914,1.21120262,1.11226654,0.804991722,0.788003922,0.772449493,1.14134312,1.34225178,1.18731308,1.07786274,1.24431133,1.16582775,0.967878342,1.1607666,1.30972481,1.18348503,1.12716484,2.60707664,3.22719288,0.735414505,0.775719643,0.746944427,0.926147461,1.20476532,0.863492012,0.686323166,0.645688057,0.78519249,0.91544342FLAGS protocol=asd-quality-v1.5.0 mode=READY state=CALIBRATED_NORMAL waiting=0 learning=0 learned=1 anomaly=0 hold=0 fault=0 green=on red=off guided25_available=1 workflow_pending=DEFAULT research_telemetry=1 profile_persistence_allowed=0 dropped=0"
2026-08-22T12:27:49.104+00:00,1052.657,1,SUBSEG96,duplicate_key:protocol,"SUBSEG96 protocol=asd-research-v1.0.0 session=1 phase=DET window=7 group=2 segments=8 dims=96 fnv1a=a7e0beda values=-10.3446417,-10.3446417,1.49338341,-10.3446417,-10.3446417,1.32449055,-10.3446417,1.6008482,-10.3446417,1.44500637,1.04264927,-10.3446417,1.08373356,1.7362318,1.73938036,-10.3446417,1.28128147,0.643339157,1.14639473,1.43642235,1.13557053,1.0638628,1.14979744,1.37238121FLAGS protocol=asd-quality-v1.5.0 mode=READY state=CALIBRATED_NORMAL waiting=0 learning=0 learned=1 anomaly=0 hold=0 fault=0 green=on red=off guided25_available=1 workflow_pending=DEFAULT research_telemetry=1 profile_persistence_allowed=0 dropped=0"
2026-08-22T12:27:59.117+00:00,1062.672,1,SUBSEG96,duplicate_key:protocol,"SUBSEG96 protocol=asd-research-v1.0.0 session=1 phase=DET window=8 group=2 segments=8 dims=96 fnv1a=b2113431 values=-10.372407,-10.372407,2.19000578,-10.372407,-10.372407,1.60571289,-10.372407,1.78768826,-10.372407,1.83369064,1.32540607,-10.372407,1.55117702,2.03260756,1.86954021,-10.372407,1.35659695,1.04361248,1.26269531,1.21233559,0.927396774,1.10642815,0.885651588,1.14907265,1.41015053,1.61247349,1.69060516,1.11406231,1.31586647,1.00151062,0.857730865,0.735126495,1.21779919,0.79151535,0.826449394,2.52065516,3.1863184,0.779875755,0.564110756,0.587792397,0.760518074,1.16395283,0.580190659,0.702010155,0.630247116,0.750228882,0.974789619,1.49332619,0.817955017,1.05001259,0.961770058,0.945606232,0.836226463,1.94495583,0.942769051,0.845529556,1.12561035,1.41098022FLAGS protocol=asd-quality-v1.5.0 mode=READY state=CALIBRATED_NORMAL waiting=0 learning=0 learned=1 anomaly=0 hold=0 fault=0 green=on red=off guided25_available=1 workflow_pending=DEFAULT research_telemetry=1 profile_persistence_allowed=0 dropped=0"
2026-08-22T12:28:09.135+00:00,1072.688,1,SUBSEG96,duplicate_key:protocol,"SUBSEG96 protocol=asd-research-v1.0.0 session=1 phase=DET window=9 group=2 segments=8 dims=96 fnv1a=e67ef0f1 values=-10.3167181,-10.3167181,1.04491234,-10.3167181,-10.3167181,1.20322418,-10.3167181,1.70817041,-10.3167181,1.65896893,1.05797005,-10.3167181,0.873594284,1.23736668,1.33856106,-10.3167181,1.28639698,1.0011797,0.94248867,1.01521587,0.997564316,1.08349991,0.868525505,1.1248436,1.52877331,1.46482658,1.32943726,1.23213577,1.07638645,0.81186676,0.925947189,0.989686012,1.07470417,0.990674019,0.744808197,2.5201745,3.3006897,0.912783623,0.738910675,0.928038597,0.907681465,1.24763203,0.812133789,0.784388542,0.604759216,0.74650383,1.24588585,1.63963604,0.942896843,0.967048645,0.948190689,0.805116653,1.00148869,2.04341793,1.0053997,0.965330124,1.13417244,1.38975906,1.24291706,1.36810398,1.54539776,2.74301815,2.33650017,0.310253143,0.863996506,0.669506073,0.78610611,0.758966446,0.909132004,1.02210426,0.970928192,1.23219395,1.14084244,1.41757679,0.962866783,0.602456093,0.789676666,0.431610107,0.357179642,0.827435493,0.331418037,0.272731781,0.308361053,0.216493607,0.173218727,-0.0215177536,-0.0549221039,-0.0365924835,-0.0284347534,0.0396251678FLAGS protocol=asd-quality-v1.5.0 mode=READY state=CALIBRATED_NORMAL waiting=0 learning=0 learned=1 anomaly=0 hold=0 fault=0 green=on red=off guided25_available=1 workflow_pending=DEFAULT research_telemetry=1 profile_persistence_allowed=0 dropped=0"
2026-08-22T12:28:19.207+00:00,1082.766,1,SUBSEG96,duplicate_key:protocol,"SUBSEG96 protocol=asd-research-v1.0.0 session=1 phase=DET window=10 group=3 segments=8 dims=96 fnv1a=50f216e7 values=-10.2962646,-10.2962646,0.853918076,-10.2962646,-10.2962646,0.880784035,-10.2962646,1.29618835,-10.2962646,1.43323231,1.02014732,-10.2962646,1.21912003,1.59052467,1.35539436,-10.2962646,0.984641075,0.860180855,1.21592236,1.38295937,1.07987309,1.14544582,1.116745,1.29598999FLAGS protocol=asd-quality-v1.5.0 mode=READY state=CALIBRATED_NORMAL waiting=0 learning=0 learned=1 anomaly=0 hold=0 fault=0 green=on red=off guided25_available=1 workflow_pending=DEFAULT research_telemetry=1 profile_persistence_allowed=0 dropped=0"
2026-08-22T12:28:29.157+00:00,1092.719,1,SUBSEG96,duplicate_key:protocol,"SUBSEG96 protocol=asd-research-v1.0.0 session=1 phase=DET window=11 group=3 segments=8 dims=96 fnv1a=c45e87e3 values=-10.3462048,-10.3462048,2.86937952,-10.3462048,-10.3462048,1.74430609,-10.3462048,1.32159233,-10.3462048,1.47359562,1.2404995,-10.3462048,1.15422821,1.74936485,1.73387861,-10.3462048,1.31126976,1.24628735,1.08041382,0.745815277,0.978873253,0.880384445,1.10323238,1.23344803,1.55914879,1.93054485,1.58457661,1.22667122,1.16034985,1.06931591,0.980672836,0.978954315,1.21756172,1.20471764,1.1776247,2.65629196,3.19249678,0.718356133,0.52212429,0.736652374,0.893482208,1.33871269,0.574228287,0.606757164,0.684662819,0.778056145,1.06016445,1.49013519,0.751585007,0.946359634,0.872480392,0.930456161,0.859788895,2.00930738,0.899642944,0.994730949,1.11537457,1.22895622,1.19505024,1.41110706,1.52345848,2.82802534,1.34701824,0.220026016,0.514762878,0.592914581,0.645289421,0.684372902,0.743508339FLAGS protocol=asd-quality-v1.5.0 mode=READY state=CALIBRATED_NORMAL waiting=0 learning=0 learned=1 anomaly=0 hold=0 fault=0 green=on red=off guided25_available=1 workflow_pending=DEFAULT research_telemetry=1 profile_persistence_allowed=0 dropped=0"
2026-08-22T12:28:39.163+00:00,1102.719,1,SUBSEG96,duplicate_key:protocol,"SUBSEG96 protocol=asd-research-v1.0.0 session=1 phase=DET window=12 group=4 segments=7 dims=96 fnv1a=dde1786e values=-10.333354,-10.333354FLAGS protocol=asd-quality-v1.5.0 mode=READY state=CALIBRATED_NORMAL waiting=0 learning=0 learned=1 anomaly=0 hold=0 fault=0 green=on red=off guided25_available=1 workflow_pending=DEFAULT research_telemetry=1 profile_persistence_allowed=0 dropped=0"
2026-08-22T12:28:49.186+00:00,1112.735,1,SUBSEG96,duplicate_key:protocol,"SUBSEG96 protocol=asd-research-v1.0.0 session=1 phase=DET window=13 group=4 segments=7 dims=96 fnv1a=6d9e97b5 values=-10.3290157,-10.3290157,1.05991554,-10.3290157,-10.3290157,1.08913898,-10.3290157,1.58768559,-10.3290157,1.66119766,0.883102417,-10.3290157,0.973637581,1.58770847,1.41710186,-10.3290157,1.06598282,0.857506752,0.889641762,0.816987038,0.937675476,0.932916641,1.03578472,1.1482811,1.66278839,1.41406441,1.28350163,1.05116081,1.05790234,0.978647232,1.02971745,1.07785892,1.34502697,1.15593338,1.16578674,2.29620075,3.21900129,0.937786102,0.759376526,0.817782402,1.07448578,1.31651592,0.583018303,0.889849663,0.835392952,0.765144348FLAGS protocol=asd-quality-v1.5.0 mode=READY state=CALIBRATED_NORMAL waiting=0 learning=0 learned=1 anomaly=0 hold=0 fault=0 green=on red=off guided25_available=1 workflow_pending=DEFAULT research_telemetry=1 profile_persistence_allowed=0 dropped=0"
2026-08-22T12:28:59.201+00:00,1122.75,1,SUBSEG96,duplicate_key:protocol,"SUBSEG96 protocol=asd-research-v1.0.0 session=1 phase=DET window=14 group=4 segments=7 dims=96 fnv1a=b6c0842c values=-10.3237724,-10.3237724,1.53984451,-10.3237724,-10.3237724,0.973906517,-10.3237724,1.43095398,-10.3237724,1.63097668,1.07010269,-10.3237724,1.19663811,1.53173828,1.40621758,-10.3237724,0.876064301,0.815237045,0.85888958,0.789731979,0.680238724,0.691480637,0.981150627,1.422369FLAGS protocol=asd-quality-v1.5.0 mode=READY state=CALIBRATED_NORMAL waiting=0 learning=0 learned=1 anomaly=0 hold=0 fault=0 green=on red=off guided25_available=1 workflow_pending=DEFAULT research_telemetry=1 profile_persistence_allowed=0 dropped=0"
2026-08-22T12:29:09.214+00:00,1132.766,1,SUBSEG96,duplicate_key:protocol,"SUBSEG96 protocol=asd-research-v1.0.0 session=1 phase=DET window=15 group=4 segments=7 dims=96 fnv1a=8f5be756 values=-10.295579,-10.295579,1.36522102,-10.295579,-10.295579,1.12880611,-10.295579,1.34376526,-10.295579,1.21472073,0.802183151,-10.295579,0.886509895,1.43602276,1.4386549,-10.295579,1.1494236,1.00989819,0.952543259,0.918693542,0.844100952,0.823700905,1.01891327,1.24890804,1.08948421,1.37071323,1.36814117,1.34938717,1.46627617,1.01041985,0.564080238,1.00656796,1.32789993,1.02630806,0.912828445,2.53300238,3.26214981,1.02809715,0.66174221,0.907446861,0.816492081,1.30097294,0.758504868,0.669016838,0.810011864,1.01746559,1.10703754,1.69326305,0.926239967,0.886153221,1.06226349,0.84282589,0.91504097,2.04731369,0.925848961,1.05532742,1.06074429,1.45610905,1.20084763FLAGS protocol=asd-quality-v1.5.0 mode=READY state=CALIBRATED_NORMAL waiting=0 learning=0 learned=1 anomaly=0 hold=0 fault=0 green=on red=off guided25_available=1 workflow_pending=DEFAULT research_telemetry=1 profile_persistence_allowed=0 dropped=0"
2026-08-22T12:29:19.225+00:00,1142.782,1,SUBSEG96,duplicate_key:protocol,"SUBSEG96 protocol=asd-research-v1.0.0 session=1 phase=DET window=16 group=4 segments=7 dims=96 fnv1a=f9429185 values=-10.2933416,-10.2933416,1.46272182,-10.2933416,-10.2933416,1.34601593,-10.2933416,0.999005318,-10.2933416,1.29640007,0.987561226,-10.2933416,1.08346748,1.05555153,1.20730209,-10.2933416,1.01759624,1.09716892,0.916682243,1.0827961,1.15742016,1.06602478,1.03287983,1.32257938,1.3700037,1.46995354,1.13606262,1.07179546,1.06453133,1.25544453,0.722070694,0.958586693,1.17395878,0.98378849,0.871618271,2.51859808,3.25420284,0.928801537,0.834013939,0.820652008,0.834296227,1.13203239,0.799307823,0.883432388,0.75732708,0.880791664,1.17483521,1.68704128,0.820847511,1.12818432,1.02293873,0.72917366,1.08986282,2.04810476,0.978170395,1.06098557,1.18704224,1.40795422,1.36728668,1.47564125,1.47012424,2.63841152,2.2034893,0.279772758,0.977846146,0.491071701,0.677808762,0.827204704,0.821888924,1.01309013,1.02223682,1.23663807,1.08379841,1.5001812,0.933272362,0.705389977,0.777192116,0.405934334,0.323969841,0.777186394,0.305363655,0.32717514,0.350993156,0.195792198,0.205026627,-0.0323791504,-0.0776968002,-0.0605010986,0.00176048279,-0.0197839737FLAGS protocol=asd-quality-v1.5.0 mode=READY state=CALIBRATED_NORMAL waiting=0 learning=0 learned=1 anomaly=0 hold=0 fault=0 green=on red=off guided25_available=1 workflow_pending=DEFAULT research_telemetry=1 profile_persistence_allowed=0 dropped=0"
2026-08-22T12:29:29.232+00:00,1152.782,1,SUBSEG96,duplicate_key:protocol,"SUBSEG96 protocol=asd-research-v1.0.0 session=1 phase=DET window=17 group=5 segments=7 dims=96 fnv1a=50fa96f3 values=-10.4681215,-10.4681215,1.37112713,-10.4681215,-10.4681215,1.47288895,-10.4681215,1.69336748,-10.4681215,1.38430691,0.601498604,-10.4681215,0.939772606,1.43682289,1.73635101,-10.4681215,1.29685879,1.02340031,1.03231621,0.989147186,1.10419559,0.84545517,1.18502617,1.37291622FLAGS protocol=asd-quality-v1.5.0 mode=READY state=CALIBRATED_NORMAL waiting=0 learning=0 learned=1 anomaly=0 hold=0 fault=0 green=on red=off guided25_available=1 workflow_pending=DEFAULT research_telemetry=1 profile_persistence_allowed=0 dropped=0"
2026-08-22T12:29:39.243+00:00,1162.797,1,SUBSEG96,duplicate_key:protocol,"SUBSEG96 protocol=asd-research-v1.0.0 session=1 phase=DET window=18 group=5 segments=7 dims=96 fnv1a=02d6c928 values=-10.461792,-10.461792,1.1499939,-10.461792,-10.461792,1.12304688,-10.461792,1.5489974,-10.461792,1.61053896,1.28500938,-10.461792,1.24479008,1.8292551,1.68736792,-10.461792,1.24495029,0.975812912,1.11433601,0.994634628,0.960058212,1.24463844,1.18981171,0.997756004,1.09729767,1.10387897,0.863936424,0.866566658,1.2130003,1.11951828,0.86888504,0.963522911,1.24980927,1.11309147,0.980219841,3.49104786,2.83691835,0.598121643,0.734209061,0.739301682,0.953412056,0.973577499,0.644274712,0.714575768,0.746893883,0.764805794,1.5432148,1.40005016,0.857980728,0.904519081,0.77434063,0.7625494,0.84936142,2.2903223,0.879827499,0.988940239,1.16615009,1.30988598,1.35216045FLAGS protocol=asd-quality-v1.5.0 mode=READY state=CALIBRATED_NORMAL waiting=0 learning=0 learned=1 anomaly=0 hold=0 fault=0 green=on red=off guided25_available=1 workflow_pending=DEFAULT research_telemetry=1 profile_persistence_allowed=0 dropped=0"
2026-08-22T12:29:59.263+00:00,1182.813,1,SUBSEG96,duplicate_key:protocol,"SUBSEG96 protocol=asd-research-v1.0.0 session=1 phase=DET window=20 group=5 segments=7 dims=96 fnv1a=5f698823 values=-10.4431686,-10.4431686,1.863657,-10.4431686,-10.4431686,1.48583698,-10.4431686,1.93161392,-10.4431686,1.81842899,1.08434582,-10.4431686,1.2149868,1.67075014,1.51107502,-10.4431686,1.30175018,0.959950447,1.04424667,0.990416527,0.895503044,1.12657356,0.971385002,1.31255817,1.21547794,1.56249857,1.16900063,1.1558466,1.21220016,1.47411346,1.62521935,0.830565453,1.44806957,1.06000137,0.866340637,3.23839474,3.11300468,0.702975273,0.512937546,0.948472977,0.945448875,1.24885368,0.759007454,0.740633011,0.640676498,0.85682869,1.13748932,1.23500729,0.782011032,1.00709724,0.885457039,0.890927315,0.897625923,1.74661589,0.848471642,1.04870033,1.09180737,1.30541801,1.37164593,1.36707592,1.28311253,2.84207487,0.763438225,0.258406639,1.39611626,0.383288383,0.639773369,0.660560608,0.801293373FLAGS protocol=asd-quality-v1.5.0 mode=READY state=CALIBRATED_NORMAL waiting=0 learning=0 learned=1 anomaly=0 hold=0 fault=0 green=on red=off guided25_available=1 workflow_pending=DEFAULT research_telemetry=1 profile_persistence_allowed=0 dropped=0"
2026-08-22T12:30:18.622+00:00,1202.172,1,FEATURE96,duplicate_key:protocol,"FEATURE96 protocol=asd-research-v1.0.0 session=1 phase=DET window=22 window_start_ms=1191592 window_end_ms=1200848 score=17955.4062 level_dbfs=-44.7261391 quality=OK tonalness_proxy=3.17947245 dims=96 fnv1a=3504865d values=-10.5777197,-10.5777197,2.08584356,-10.5777197,-10.5777197,1.77931738,-10.5777197,2.30733252,-10.5777197,2.14802694,1.31549454,-10.5777197,1.26323223,1.61782789,1.50059605FLAGS protocol=asd-quality-v1.5.0 mode=ALARM state=ANOMALY waiting=0 learning=0 learned=1 anomaly=1 hold=0 fault=0 green=off red=on guided25_available=1 workflow_pending=DEFAULT research_telemetry=1 profile_persistence_allowed=0 dropped=0"
2026-08-22T12:30:28.632+00:00,1212.188,1,FEATURE96,duplicate_key:protocol,"FEATURE96 protocol=asd-research-v1.0.0 session=1 phase=DET window=23 window_start_ms=1201552 window_end_ms=1210822 score=12930.2266 level_dbfs=-45.1239014 quality=OK tonalness_proxy=3.23947525 dims=96 fnv1a=f5e61110 values=-10.5190125,-10.5190125,2.02174282,-10.5190125,-10.5190125,1.55863237,-10.5190125,2.11802673,-10.5190125,1.90252924,1.22012234,-10.5190125,1.18221664,1.49854088,1.4784174,-10.5190125,1.37238884,1.25414085,1.22340107,0.998833656,1.00941086,0.973351479,1.0313673,1.14802933,1.30217838,1.32737827,1.18750954,1.12366199,1.14589214,0.976270676,1.60284519,1.52800035,1.32683086,1.13545322,1.20137405,3.23947525,2.97944212,0.686863899,0.733701706,0.710026741,0.758712769,1.13447094,0.568791389,0.603135109,0.57724762,0.726764679,1.07509327,1.15486145,0.709672928FLAGS protocol=asd-quality-v1.5.0 mode=ALARM state=ANOMALY waiting=0 learning=0 learned=1 anomaly=1 hold=0 fault=0 green=off red=on guided25_available=1 workflow_pending=DEFAULT research_telemetry=1 profile_persistence_allowed=0 dropped=0"
2026-08-22T12:30:38.646+00:00,1222.203,1,FEATURE96,duplicate_key:protocol,"FEATURE96 protocol=asd-research-v1.0.0 session=1 phase=DET window=24 window_start_ms=1211522 window_end_ms=1220796 score=1924.03027 level_dbfs=-46.4747086 quality=OK tonalness_proxy=3.06712961 dims=96 fnv1a=3baa00a0 values=-10.4973125,-10.4973125,2.16851044,-10.4973125,-10.4973125,1.70825148,-10.4973125,2.08725739,-10.4973125,2.01915979,1.76251364,-10.4973125,1.46636772,1.88116646,2.06840134,-10.4973125,1.70284081,1.90011358,2.26646805,1.71937466,1.06295013,1.00708103,0.888959885,1.10582161,1.31134701,1.5784831,1.26747131,1.09763908,1.0925827,0.987926483,1.61198807,1.52494669,1.30869484,1.08773994,1.21302605,2.51870823,3.06712961,0.900090218,0.729324341,0.661196709,0.785770416,1.17065525,0.648430824,0.574708939,0.595755577,0.652834892,0.836568832,1.5414238,0.752968788,0.871061325,0.841217995,0.75166893,0.790240288,1.7728467,0.781389236,0.982506752,0.98449707,1.23845959,1.13389969,1.32800198,1.43756485,2.54758024,2.25401545,0.190972328,0.54832077,0.413797379,0.537287712,0.632124901,0.699528694,0.846384048,0.877493858,0.970460892,1.00170898,1.27590942,0.710113525,0.554757118,0.522550583,0.225133896,0.154661179,0.631164551,0.122218132,0.106219292FLAGS protocol=asd-quality-v1.5.0 mode=ALARM state=ANOMALY waiting=0 learning=0 learned=1 anomaly=1 hold=0 fault=0 green=off red=on guided25_available=1 workflow_pending=DEFAULT research_telemetry=1 profile_persistence_allowed=0 dropped=0"
2026-08-22T12:30:48.647+00:00,1232.203,1,SUBSEG96,duplicate_key:protocol,"SUBSEG96 protocol=asd-research-v1.0.0 session=1 phase=DET window=25 group=1 segments=8 dims=96 fnv1a=84936575 values=-10.3649473,-10.3649473,1.67215824,-10.3649473,-10.3649473,1.69229794,-10.3649473,2.38202858,-10.3649473,2.13485336,1.0697937,-10.3649473,1.13335609FLAGS protocol=asd-quality-v1.5.0 mode=ALARM state=ANOMALY waiting=0 learning=0 learned=1 anomaly=1 hold=0 fault=0 green=off red=on guided25_available=1 workflow_pending=DEFAULT research_telemetry=1 profile_persistence_allowed=0 dropped=0"
2026-08-22T12:30:58.645+00:00,1242.203,1,SUBSEG96,duplicate_key:protocol,"SUBSEG96 protocol=asd-research-v1.0.0 session=1 phase=DET window=26 group=1 segments=8 dims=96 fnv1a=9399d1f6 values=-10.359561,-10.359561,1.58490944,-10.359561,-10.359561,1.54113865,-10.359561,2.18553686,-10.359561,1.89151287,1.10195923,-10.359561,1.17101765,1.42811203,1.08666897,-10.359561,0.966885567,1.33374119,1.07256222,0.847014427,0.925802231,0.847370148,0.821434975,1.27084255,1.61002636,1.79022551,1.22998333,1.25279522,1.14286232,0.683278084,1.73297787,1.63729,1.15767479,1.10152626,1.21819115,2.49163294FLAGS protocol=asd-quality-v1.5.0 mode=ALARM state=ANOMALY waiting=0 learning=0 learned=1 anomaly=1 hold=0 fault=0 green=off red=on guided25_available=1 workflow_pending=DEFAULT research_telemetry=1 profile_persistence_allowed=0 dropped=0"
2026-08-22T12:31:08.647+00:00,1252.203,1,SUBSEG96,duplicate_key:protocol,"SUBSEG96 protocol=asd-research-v1.0.0 session=1 phase=DET window=27 group=1 segments=8 dims=96 fnv1a=39093589 values=-10.3875837,-10.3875837FLAGS protocol=asd-quality-v1.5.0 mode=ALARM state=ANOMALY waiting=0 learning=0 learned=1 anomaly=1 hold=0 fault=0 green=off red=on guided25_available=1 workflow_pending=DEFAULT research_telemetry=1 profile_persistence_allowed=0 dropped=0"
2026-08-22T12:31:18.661+00:00,1262.219,1,SUBSEG96,duplicate_key:protocol,"SUBSEG96 protocol=asd-research-v1.0.0 session=1 phase=DET window=28 group=1 segments=8 dims=96 fnv1a=0906fd0c values=-10.3457022,-10.3457022,1.4688139,-10.3457022,-10.3457022,1.35093784,-10.3457022,1.81665754,-10.3457022,1.69660091,1.18411732,-10.3457022,1.00319767,1.42733383,1.57121372,-10.3457022,1.08907509,0.753629684,0.77551651,1.04850578,1.15224743,0.935469627,0.929596901,1.1156683,1.1807127,1.78282595,1.63675499,1.89692163,1.34045124,0.957185745,0.789974213,0.946576118,1.38856411,1.01165962,0.999605179FLAGS protocol=asd-quality-v1.5.0 mode=ALARM state=ANOMALY waiting=0 learning=0 learned=1 anomaly=1 hold=0 fault=0 green=off red=on guided25_available=1 workflow_pending=DEFAULT research_telemetry=1 profile_persistence_allowed=0 dropped=0"
2026-08-22T12:31:28.683+00:00,1272.235,1,SUBSEG96,duplicate_key:protocol,"SUBSEG96 protocol=asd-research-v1.0.0 session=1 phase=DET window=29 group=1 segments=8 dims=96 fnv1a=cbb3229a values=-10.5979681,-10.5979681,1.50721693,-10.5979681,-10.5979681,0.856168747,-10.5979681,1.55781841,-10.5979681,1.65301085,1.17444801,-10.5979681,1.18285179,1.54782438,1.58410835,-10.5979681,1.36719799,0.503936768,1.25727081,1.76737404,1.34971523,0.639634132,0.529321671,1.1531086,1.49352407,1.5263257,1.19025993,1.01317883,0.915260315,0.803839684,0.968502998,0.898256302,1.56450129,1.1668911,0.978589058,3.43577528,3.15080738,0.711294174,0.473692894,0.642317772,0.797696114,1.10660267,0.549282074,0.657736778,0.680582047,0.810646057,1.16652393,1.33996868,0.760886192,0.71674633,1.00208092,0.734276772,0.89353466,1.80094147,0.813000679,1.01277542,1.0589695,1.25583839,1.20967388,1.34060574,1.38661194,2.6488266,1.00758839,0.032204628,0.688527107,0.306026459,0.442032814,0.583148003,0.831240654,0.906064034,0.827818871,1.04761505,2.48998928,0.957073212,0.932697296,0.892952919,0.130932808,0.0922803879,0.503864288,1.45575333FLAGS protocol=asd-quality-v1.5.0 mode=ALARM state=ANOMALY waiting=0 learning=0 learned=1 anomaly=1 hold=0 fault=0 green=off red=on guided25_available=1 workflow_pending=DEFAULT research_telemetry=1 profile_persistence_allowed=0 dropped=0"
2026-08-22T12:31:38.689+00:00,1282.25,1,SUBSEG96,duplicate_key:protocol,"SUBSEG96 protocol=asd-research-v1.0.0 session=1 phase=DET window=30 group=2 segments=8 dims=96 fnv1a=35c415c3 values=-10.5798264,-10.5798264,1.72193623,-10.5798264,-10.5798264,1.1604929,-10.5798264,1.19333744,-10.5798264,1.15538979,0.51410675,-10.5798264,0.609835625FLAGS protocol=asd-quality-v1.5.0 mode=ALARM state=ANOMALY waiting=0 learning=0 learned=1 anomaly=1 hold=0 fault=0 green=off red=on guided25_available=1 workflow_pending=DEFAULT research_telemetry=1 profile_persistence_allowed=0 dropped=0"
2026-08-22T12:31:48.701+00:00,1292.25,1,SUBSEG96,duplicate_key:protocol,"SUBSEG96 protocol=asd-research-v1.0.0 session=1 phase=DET window=31 group=2 segments=8 dims=96 fnv1a=36483f0f values=-10.6040096,-10.6040096,1.60846996,-10.6040096,-10.6040096,1.39550686,-10.6040096,1.39733076,-10.6040096,1.12690353,0.766452789,-10.6040096,0.580741882,1.36523628,1.43653917,-10.6040096,1.08175182,0.857618332,0.881818771,1.11813259,1.11504173,1.70761347,1.42544317,1.11713409,1.40615702,1.59310341,1.04747581,1.10187149,0.793913841,1.34251881,1.19039917,0.965151787,1.18583584,0.905444145,1.18672276,3.41528654,3.23121834,0.631951332,0.627906799,0.799542427,0.77853775,0.82575798,0.652561188,0.537653923,0.490778923,0.444984436FLAGS protocol=asd-quality-v1.5.0 mode=ALARM state=ANOMALY waiting=0 learning=0 learned=1 anomaly=1 hold=0 fault=0 green=off red=on guided25_available=1 workflow_pending=DEFAULT research_telemetry=1 profile_persistence_allowed=0 dropped=0"
2026-08-22T12:31:58.712+00:00,1302.266,1,SUBSEG96,duplicate_key:protocol,"SUBSEG96 protocol=asd-research-v1.0.0 session=1 phase=DET window=32 group=2 segments=8 dims=96 fnv1a=e8b1bc4e values=-10.59758,-10.59758,1.74112225,-10.59758,-10.59758,1.64085484,-10.59758,1.64228678,-10.59758,1.45576525,0.903375626,-10.59758,0.637084007,1.10012245,1.25691319,-10.59758,1.08718014,1.17709732,1.09727573,0.811823845,1.00734901,1.2579298,1.39592838,1.43383646,1.24219227,1.0658102,1.05431938,0.99552536,0.894842148,1.15906429,1.3504982,0.683300972,1.12936211,0.822467804,0.753671646,3.5454421,3.07543039,0.576163292,0.763443947,1.08393002,0.700610161,1.01255798,0.579881668,0.657388687,0.680579185,0.602483749,1.41630125,1.3559885,0.749660492,0.714663506,0.851620674,0.626840591,0.614052773,1.60497332,0.88697052,0.901269913,0.976068497,1.15421009,1.26263142,1.31938267,1.32508659,2.71687365,0.742645264,-0.117295265,0.55315876,0.22294426,0.470915794,0.547941208,0.726459503,0.861250877,0.807753563,1.04843998,2.25974035,0.842935562,1.04819584,0.829224586,0.184116364,0.114380836,0.379516602,0.793427467,0.129123688FLAGS protocol=asd-quality-v1.5.0 mode=ALARM state=ANOMALY waiting=0 learning=0 learned=1 anomaly=1 hold=0 fault=0 green=off red=on guided25_available=1 workflow_pending=DEFAULT research_telemetry=1 profile_persistence_allowed=0 dropped=0"
2026-08-22T12:32:08.728+00:00,1312.282,1,SUBSEG96,duplicate_key:protocol,"SUBSEG96 protocol=asd-research-v1.0.0 session=1 phase=DET window=33 group=2 segments=8 dims=96 fnv1a=80656207 values=-10.5980825,-10.5980825,1.77235556,-10.5980825,-10.5980825,1.59980392,-10.5980825,1.45480061,-10.5980825,1.12226391,0.743307114,-10.5980825,0.960882187,1.8365407,1.65071154,-10.5980825,0.931355476,0.881103516,0.952098846,0.88508606,0.803191185,1.30396175,1.17867184,0.964962959,1.339674,1.5626483,1.12332058,0.877235413,1.00692081,1.16466999,1.35771751,0.911068916,1.17515469,1.13421154,0.622200966,3.65150023,3.00919294,0.791525841,0.50421524,0.637869835,0.513264656,1.10951138,0.368650436,0.587702751,0.608324051,0.48210144,1.4122591,1.0853672,0.769430161,0.878982544,0.950135231,0.674500465,0.586830139,1.53175306,0.632414818,0.941730499,1.00448036,1.1901226FLAGS protocol=asd-quality-v1.5.0 mode=ALARM state=ANOMALY waiting=0 learning=0 learned=1 anomaly=1 hold=0 fault=0 green=off red=on guided25_available=1 workflow_pending=DEFAULT research_telemetry=1 profile_persistence_allowed=0 dropped=0"
2026-08-22T12:32:18.739+00:00,1322.297,1,SUBSEG96,duplicate_key:protocol,"SUBSEG96 protocol=asd-research-v1.0.0 session=1 phase=DET window=34 group=2 segments=8 dims=96 fnv1a=9ddf6d8d values=-10.3650589,-10.3650589,1.53260803,-10.3650589,-10.3650589,1.36188698,-10.3650589,1.36959553,-10.3650589,1.45724201,0.791158676,-10.3650589,1.16992569,1.70455027,1.66015625,-10.3650589,1.18532181,1.10127926,1.13095284,1.08424282,0.9258461,1.35870934,1.41453552,1.13391399,1.45527649,1.55137253,1.53409386,1.22417164,1.22419739,1.38248634,1.58721161,0.640526772,1.40559483,1.35981083,0.993002892,2.85305882,3.0413084,0.869234085,0.807097435,0.96555233,1.06377602,1.23442459,0.922180176,0.902117729,0.873659134,0.849601746,1.12845325,1.52357388,0.845864296,1.12766075,0.956323624,0.890404701,0.901521683,1.87718964,0.85945034,0.886781693,1.11441135,1.2576561,1.10383987,1.37897301,1.58354759,2.66764593,1.12684631,0.172048569,0.749662399,0.604373932,0.604907036,0.844531059,0.853357315,0.977940559,0.907196999,1.16258621,1.05905628,1.3666153,0.89160347,0.835068703,0.4596138,0.344307899,0.232241631,0.677018166,0.200234413,0.226689339,0.212960243,0.0642728806,0.108225822,-0.0786437988,-0.170922279,-0.110692978,0.0147380829,-0.150823593,-0.0312690735FLAGS protocol=asd-quality-v1.5.0 mode=ALARM state=ANOMALY waiting=0 learning=0 learned=1 anomaly=1 hold=0 fault=0 green=off red=on guided25_available=1 workflow_pending=DEFAULT research_telemetry=1 profile_persistence_allowed=0 dropped=0"
2026-08-22T12:32:28.745+00:00,1332.297,1,SUBSEG96,duplicate_key:protocol,"SUBSEG96 protocol=asd-research-v1.0.0 session=1 phase=DET window=35 group=3 segments=8 dims=96 fnv1a=53a1cea5 values=-10.3435755,-10.3435755,1.72005987,-10.3435755,-10.3435755,1.67138481,-10.3435755,1.48202229,-10.3435755,1.09399986,0.830115318,-10.3435755,0.856362343,1.40546703,1.23964119,-10.3435755,1.09861851,0.842619896,1.12859154,1.05804253,0.90585804,1.263937,1.22675419,1.14330864FLAGS protocol=asd-quality-v1.5.0 mode=ALARM state=ANOMALY waiting=0 learning=0 learned=1 anomaly=1 hold=0 fault=0 green=off red=on guided25_available=1 workflow_pending=DEFAULT research_telemetry=1 profile_persistence_allowed=0 dropped=0"
2026-08-22T12:32:38.771+00:00,1342.328,1,SUBSEG96,duplicate_key:protocol,"SUBSEG96 protocol=asd-research-v1.0.0 session=1 phase=DET window=36 group=3 segments=8 dims=96 fnv1a=64348b63 values=-10.3250723,-10.3250723,1.51541996,-10.3250723,-10.3250723,1.51016045,-10.3250723,1.13190269,-10.3250723,1.25913811,0.742408752,-10.3250723,1.10915852,1.61588764,1.15675831,-10.3250723,0.855395317,0.561491013,0.925415993,0.899841309,0.594960213,1.3725996,1.37585545,1.40026474,1.71360779,1.76900816,1.50469398,1.19897461,1.319067,1.20197773,1.48347473,0.96506691,1.37160492,1.25591183,0.877811432,2.77327347,3.06206846,0.742706299,0.644571304,0.933936119,0.88444519,1.36180782,0.937950134,0.688897133,0.70126915,0.788721085,1.03797626,1.49680519,0.741351128,1.00122547,1.1026268,0.943889618,0.91147995,1.89391088,0.91121769,1.05839443,1.10432529,1.30672169,1.32926846,1.39510441,1.66624928,2.67471218,1.8717761,0.395366669,0.810684204,0.546216011,0.636466026,0.845444679,0.856176376FLAGS protocol=asd-quality-v1.5.0 mode=ALARM state=ANOMALY waiting=0 learning=0 learned=1 anomaly=1 hold=0 fault=0 green=off red=on guided25_available=1 workflow_pending=DEFAULT research_telemetry=1 profile_persistence_allowed=0 dropped=0"
2026-08-22T12:32:58.773+00:00,1362.328,1,SUBSEG96,duplicate_key:protocol,"SUBSEG96 protocol=asd-research-v1.0.0 session=1 phase=DET window=38 group=4 segments=7 dims=96 fnv1a=caa14391 values=-10.7538166,-10.7538166,2.30963659,-10.7538166,-10.7538166,2.31599474,-10.7538166,3.06562471,-10.7538166,3.34816122,3.08944607,-10.7538166,2.56468534,2.40645885,2.07363176,-10.7538166,1.70376587,2.01209164,1.95101595,1.58187056,1.45916939,1.2184763,0.891238213,1.19727707FLAGS protocol=asd-quality-v1.5.0 mode=ALARM state=ANOMALY waiting=0 learning=0 learned=1 anomaly=1 hold=0 fault=0 green=off red=on guided25_available=1 workflow_pending=DEFAULT research_telemetry=1 profile_persistence_allowed=0 dropped=0"
2026-08-22T12:33:08.800+00:00,1372.36,1,SUBSEG96,duplicate_key:protocol,"SUBSEG96 protocol=asd-research-v1.0.0 session=1 phase=DET window=39 group=4 segments=7 dims=96 fnv1a=e24c0683 values=-10.5145445,-10.5145445,1.15221214,-10.5145445,-10.5145445,1.0883503,-10.5145445,1.12332726,-10.5145445,1.2608757,0.678792,-10.5145445,0.91118145,1.36554337,1.30414772,-10.5145445,1.14268017,1.23094654,1.07719707,1.14116192,1.11374569,1.33241558,1.24033546,0.990611076,1.57129097,1.58025551,1.01672554,0.897357941,0.918387413,1.32771206,1.32141304,0.760228157,1.30613899,1.25863647,1.25658798,3.66439342,1.07115936,0.887235641,0.641783714,0.877256393,0.879127502,1.03843403,0.600811958,0.702140808,0.749455452,0.937228203,1.57621431,1.05321884,0.720672607,0.75965023,0.694653511,0.712701797,1.1825161,2.31976414,0.753513336,0.932504654,1.06711483,1.18910027,0.841609001,1.32918072,1.14247227,2.37048817,0.551318169,-0.0682525635,0.824044228,0.247987747,0.55004406,0.562454224,0.873669624FLAGS protocol=asd-quality-v1.5.0 mode=ALARM state=ANOMALY waiting=0 learning=0 learned=1 anomaly=1 hold=0 fault=0 green=off red=on guided25_available=1 workflow_pending=DEFAULT research_telemetry=1 profile_persistence_allowed=0 dropped=0"
2026-08-22T12:33:18.795+00:00,1382.344,1,SUBSEG96,duplicate_key:protocol,"SUBSEG96 protocol=asd-research-v1.0.0 session=1 phase=DET window=40 group=4 segments=7 dims=96 fnv1a=b3a4d005 values=-10.4982796,-10.4982796,1.55678082,-10.4982796,-10.4982796,1.64268112,-10.4982796,1.69497156,-10.4982796,1.50542307,1.23601341,-10.4982796,1.20436764,1.41897583,1.53265572,-10.4982796,1.34482479,0.803031921,1.0226326,0.755361557,1.10203362,1.47741985,1.45148849,1.10881042,1.55598593,1.75230408,0.896968842,0.657701492,1.07381248,1.25764751,1.46236897,0.896523476,1.01432896,1.06997395,0.986404419FLAGS protocol=asd-quality-v1.5.0 mode=ALARM state=ANOMALY waiting=0 learning=0 learned=1 anomaly=1 hold=0 fault=0 green=off red=on guided25_available=1 workflow_pending=DEFAULT research_telemetry=1 profile_persistence_allowed=0 dropped=0"
2026-08-22T12:33:28.807+00:00,1392.36,1,SUBSEG96,duplicate_key:protocol,"SUBSEG96 protocol=asd-research-v1.0.0 session=1 phase=DET window=41 group=4 segments=7 dims=96 fnv1a=2622dd9f values=-10.5012293,-10.5012293,1.31140614,-10.5012293,-10.5012293,1.22454739,-10.5012293,1.09471798,-10.5012293,1.02916908,1.20695114,-10.5012293,1.35157681,1.31646538,1.0098629,-10.5012293,1.17655182,0.771366119,0.786037445,0.906188965,0.998537064,1.74939442,1.37934589,1.16082287,1.63142776,1.7297678,1.04391479,0.940663338,0.863960266,1.38106251,1.04419994,1.02338028,1.30236912,0.997520447,1.08592701,3.64521074,0.79238224,0.684579849,0.660188675,0.707490921,0.794872284,1.2692337,0.670819283,0.556765556,0.565560341,0.743086815,1.59807873,1.03213787,0.874476433,0.666252136,0.950990677,0.690905571,0.76262188,2.25877523,0.836799622,1.01591778,1.04735374,1.21997261,1.11125565,1.31663227,1.07784748,2.34039259,0.50684166,-0.0203304291,1.02579117,0.326903343,0.459300041,0.527600288,0.692276001FLAGS protocol=asd-quality-v1.5.0 mode=ALARM state=ANOMALY waiting=0 learning=0 learned=1 anomaly=1 hold=0 fault=0 green=off red=on guided25_available=1 workflow_pending=DEFAULT research_telemetry=1 profile_persistence_allowed=0 dropped=0"
2026-08-22T12:33:38.811+00:00,1402.36,1,SUBSEG96,duplicate_key:protocol,"SUBSEG96 protocol=asd-research-v1.0.0 session=1 phase=DET window=42 group=4 segments=7 dims=96 fnv1a=8b8734d1 values=-10.51544,-10.51544,1.37861824,-10.51544,-10.51544,0.996613503,-10.51544,1.27299404,-10.51544,0.902129173,0.408706665,-10.51544,1.15208149,1.88723993,1.64477015,-10.51544,0.991343498,1.04994488,1.32359219,1.17546654,0.89730072,1.21131802,1.04062748,1.11700344,1.4325285,1.55674839,0.886766434,1.13570023,0.806695938,1.02579403,1.0335865,1.04628658,1.78042459,0.837153435,1.0823307,3.69733143,1.17387009,0.878892899,0.705751419,0.916441917,0.763214111,1.01047707,0.684070587,0.611852646,0.646546364,0.702606201,1.43532467,1.08510876,0.644454002,0.839677811,0.687880516,0.552072525,0.928256989,2.24891186,0.772781372,0.776827812,0.91409111,1.39178658,1.01269627,1.28404522,1.00211811,2.36390257,0.482748985,0.0366287231,1.03460407,0.365141869,0.509788513,0.475870132,0.850939751,0.840240479,1.01731777,0.866153717,2.1952877,0.659721375,0.604968071,0.783381462,0.193780899,1.1843071,0.430849075,0.160136223,0.199324608,0.523349762,0.282627106,1.40460968,0.269335747,-0.0938749313,0.400054932,1.73993158,0.166472435,0.692288399,1.25799656,0.131732941FLAGS protocol=asd-quality-v1.5.0 mode=ALARM state=ANOMALY waiting=0 learning=0 learned=1 anomaly=1 hold=0 fault=0 green=off red=on guided25_available=1 workflow_pending=DEFAULT research_telemetry=1 profile_persistence_allowed=0 dropped=0"
2026-08-22T12:33:48.815+00:00,1412.375,1,SUBSEG96,duplicate_key:protocol,"SUBSEG96 protocol=asd-research-v1.0.0 session=1 phase=DET window=43 group=5 segments=7 dims=96 fnv1a=13d5dd94 values=-10.431819,-10.431819,1.60071945,-10.431819,-10.431819,0.93787384,-10.431819,1.44334793,-10.431819,1.69337749,1.70621729,-10.431819,2.25166273,2.98715067,2.67973852,-10.431819,1.83710337,1.07391453,1.41777992,1.26961994,1.085145,1.13561344,1.16505146,1.17709732,1.58600235FLAGS protocol=asd-quality-v1.5.0 mode=ALARM state=ANOMALY waiting=0 learning=0 learned=1 anomaly=1 hold=0 fault=0 green=off red=on guided25_available=1 workflow_pending=DEFAULT research_telemetry=1 profile_persistence_allowed=0 dropped=0"
2026-08-22T12:33:58.826+00:00,1422.375,1,SUBSEG96,duplicate_key:protocol,"SUBSEG96 protocol=asd-research-v1.0.0 session=1 phase=DET window=44 group=5 segments=7 dims=96 fnv1a=167f18ee values=-10.3394365,-10.3394365,0.708055496,-10.3394365,-10.3394365,0.834345818,-10.3394365,1.20933819,-10.3394365,1.33562374,0.980004311,-10.3394365,2.12413073,2.86128616,2.46048164,-10.3394365,1.52377892,1.2828207,1.17702293,0.52866745,0.961935997,0.858611107,1.32258987,1.22798824,1.82016659,1.86588717,1.27562618,0.895792007,0.979454994,1.12014103,1.21860981,0.91491127,1.2929945,0.93738842,1.2674017,2.80808926,3.21554613,0.873244286,0.610495567,0.842781067,1.03981781,1.30889606,0.774202347,0.727186203,0.769237518,0.782225609,1.14081478,1.5390358,0.742036819,1.10034084,0.902068138,0.846731186,0.814723015,1.83970881,0.956193924,1.11281967,1.1825037,1.20699406FLAGS protocol=asd-quality-v1.5.0 mode=ALARM state=ANOMALY waiting=0 learning=0 learned=1 anomaly=1 hold=0 fault=0 green=off red=on guided25_available=1 workflow_pending=DEFAULT research_telemetry=1 profile_persistence_allowed=0 dropped=0"
2026-08-22T12:34:08.206+00:00,1431.766,1,FEATURE96,duplicate_key:protocol,FEATURE96 protocol=asd-research-v1.0.0 session=1 phase=DET window=45 window_start_ms=1421182 window_end_ms=1430447 score=752.008118 level_dbfs=-47.5444832 quality=OK tonalness_proxy=3.20450592 dims=96 fnv1a=cece6d3a values=FLAGS protocol=asd-quality-v1.5.0 mode=READY state=CALIBRATED_NORMAL waiting=0 learning=0 learned=1 anomaly=0 hold=0 fault=0 green=on red=off guided25_available=1 workflow_pending=DEFAULT research_telemetry=1 profile_persistence_allowed=0 dropped=0
2026-08-22T12:34:18.221+00:00,1441.782,1,FEATURE96,duplicate_key:protocol,"FEATURE96 protocol=asd-research-v1.0.0 session=1 phase=DET window=46 window_start_ms=1431172 window_end_ms=1440422 score=622.214783 level_dbfs=-47.8832245 quality=OK tonalness_proxy=3.19414854 dims=96 fnv1a=0e61b6e3 values=-10.3979931,-10.3979931,1.38410091,-10.3979931,-10.3979931,1.42002392,-10.3979931,1.98141432,-10.3979931,2.13146114,1.46859264,-10.3979931,2.08810759,2.85303593,2.45233488,-10.3979931,1.35426617,0.923762321,1.00947571,0.982170105,0.921055794,0.911755562,1.05628109,1.10166645,1.87525368,1.96725655,1.34691715,1.11299133,1.04940224,0.957597733,0.91508007,0.81592083,1.24751472,0.913480759,0.951741219,2.55294704,3.19414854FLAGS protocol=asd-quality-v1.5.0 mode=READY state=CALIBRATED_NORMAL waiting=0 learning=0 learned=1 anomaly=0 hold=0 fault=0 green=on red=off guided25_available=1 workflow_pending=DEFAULT research_telemetry=1 profile_persistence_allowed=0 dropped=0"
2026-08-22T12:34:28.233+00:00,1451.782,1,FEATURE96,duplicate_key:protocol,"FEATURE96 protocol=asd-research-v1.0.0 session=1 phase=DET window=47 window_start_ms=1441132 window_end_ms=1450460 score=451.671448 level_dbfs=-47.0698471 quality=OK tonalness_proxy=3.29578114 dims=96 fnv1a=72051e70 values=-10.3504114,-10.3504114,1.54792976,-10.3504114,-10.3504114,1.25479889,-10.3504114,1.54714584,-10.3504114,1.53343487,1.006073,-10.3504114,1.48134995,2.17128897,1.88766384FLAGS protocol=asd-quality-v1.5.0 mode=READY state=CALIBRATED_NORMAL waiting=0 learning=0 learned=1 anomaly=0 hold=0 fault=0 green=on red=off guided25_available=1 workflow_pending=DEFAULT research_telemetry=1 profile_persistence_allowed=0 dropped=0"
2026-08-22T12:34:38.296+00:00,1461.844,1,FEATURE96,duplicate_key:protocol,"FEATURE96 protocol=asd-research-v1.0.0 session=1 phase=DET window=48 window_start_ms=1451162 window_end_ms=1460434 score=953.005127 level_dbfs=-46.7137146 quality=OK tonalness_proxy=3.25554085 dims=96 fnv1a=b123e2fb values=-10.3472681,-10.3472681,2.27920341,-10.3472681,-10.3472681,1.64071465,-10.3472681,1.78226566,-10.3472681,1.52532291,1.06901932,-10.3472681,1.15000534,1.59921837,1.39805794,-10.3472681,1.05690765,0.983950615,1.14013481,1.01929188,1.01065922,0.97372818,1.0199728,1.14651966,1.76220322,1.82633162,1.28652,1.30799866,1.11442852,0.956307411,1.23594189,1.21171284,1.27677727,0.978652954,0.852273941,2.68071795,3.25554085,0.855171204,0.69370842,0.727628708,0.92680645,1.26759338,0.795044899,0.670053482,0.825352669,0.834137917,0.924785614,1.54203892,0.744889259,0.984703064,0.967757225,0.781396866,0.87015152,1.83192539,0.886790276,1.03053474,1.06173897,1.28121853,1.25201607,1.46812057FLAGS protocol=asd-quality-v1.5.0 mode=READY state=CALIBRATED_NORMAL waiting=0 learning=0 learned=1 anomaly=0 hold=0 fault=0 green=on red=off guided25_available=1 workflow_pending=DEFAULT research_telemetry=1 profile_persistence_allowed=0 dropped=0"
2026-08-22T12:34:48.273+00:00,1471.828,1,FEATURE96,duplicate_key:protocol,"FEATURE96 protocol=asd-research-v1.0.0 session=1 phase=DET window=49 window_start_ms=1461142 window_end_ms=1470408 score=16483.4941 level_dbfs=-46.0591354 quality=OK tonalness_proxy=2.93400383 dims=96 fnv1a=118d060e values=-10.7149401,-10.7149401,1.37826443,-10.7149401,-10.7149401,0.840538025,-10.7149401,1.15371037,-10.7149401,1.21585941,0.632246971,-10.7149401,0.605367661,1.02109241,1.08075905,-10.7149401,0.889601707,0.424920082,0.574401855,0.506465912,0.443853378,0.559315681,0.644710541,0.667541504,1.32986736,1.45030546,1.17073917,0.915554047,0.775753021,0.718699455,0.828751564,1.08970547,1.46458101,2.43783617,2.38984585,2.56696844,2.93400383,0.878389359,1.01758766,0.94395256,1.86625099,1.34094,0.923283577,0.632806778,0.705572128,0.875083923,1.26381683,2.29939413,2.55682421,1.85851622,1.76369476,1.64704037,2.24625731,2.38276577,2.03678656,2.08666563,1.41379833,1.38759422,1.7385807,1.52730751,1.60421371,2.26521254,1.65602398,1.23723793,0.99374485,1.18965435,1.51993418,1.5250597,1.09119511,1.16289711,0.994486809,1.10935974,1.054883,1.12800407,0.740913391,0.613124847,0.844026566,0.573802948,0.280765533,0.494292259,0.0494766235,-0.0384292603,-0.0250720978,-0.159784317,-0.124644279,-0.373235703,-0.420433998,-0.346428871,-0.363106728,-0.470380783,-0.409889221,-0.568602562FLAGS protocol=asd-quality-v1.5.0 mode=READY state=CALIBRATED_NORMAL waiting=0 learning=0 learned=1 anomaly=0 hold=0 fault=0 green=on red=off guided25_available=1 workflow_pending=DEFAULT research_telemetry=1 profile_persistence_allowed=0 dropped=0"
2026-08-22T12:34:58.273+00:00,1481.828,1,SUBSEG96,duplicate_key:protocol,"SUBSEG96 protocol=asd-research-v1.0.0 session=1 phase=DET window=50 group=1 segments=8 dims=96 fnv1a=3779a8ca values=-10.6453848,-10.6453848,0.805504799,-10.6453848,-10.6453848,1.05639362,-10.6453848,1.31369686,-10.6453848,1.08076859,0.615596771,-10.6453848,0.576991081,0.732633591,0.850594521,-10.6453848,1.04101181,0.548474312,0.631380081,0.609078407,0.744766235,0.790821075,0.806569099FLAGS protocol=asd-quality-v1.5.0 mode=READY state=CALIBRATED_NORMAL waiting=0 learning=0 learned=1 anomaly=0 hold=0 fault=0 green=on red=off guided25_available=1 workflow_pending=DEFAULT research_telemetry=1 profile_persistence_allowed=0 dropped=0"
2026-08-22T12:35:18.118+00:00,1501.672,1,FEATURE96,duplicate_key:protocol,"FEATURE96 protocol=asd-research-v1.0.0 session=1 phase=DET window=52 window_start_ms=1491082 window_end_ms=1500331 score=12541.9814 level_dbfs=-46.2031479 quality=OK tonalness_proxy=2.97507906 dims=96 fnv1a=0ca7904b values=-10.6376314,-10.6376314,1.25532627,-10.6376314,-10.6376314,1.01430798,-10.6376314,1.22010994,-10.6376314,1.16098881,0.76878643,-10.6376314,0.814954758,1.29804611,1.29966736,-10.6376314,1.33930492,1.10538578,1.06324863,0.696327209,0.624793053,0.5477705,0.493635178,0.785067558,1.41232586,1.56852388FLAGS protocol=asd-quality-v1.5.0 mode=ALARM state=ANOMALY waiting=0 learning=0 learned=1 anomaly=1 hold=0 fault=0 green=off red=on guided25_available=1 workflow_pending=DEFAULT research_telemetry=1 profile_persistence_allowed=0 dropped=0"
2026-08-22T12:35:28.129+00:00,1511.688,1,FEATURE96,duplicate_key:protocol,"FEATURE96 protocol=asd-research-v1.0.0 session=1 phase=DET window=53 window_start_ms=1501032 window_end_ms=1510369 score=12852.4326 level_dbfs=-46.826622 quality=OK tonalness_proxy=3.00697756 dims=96 fnv1a=a6b7cbf8 values=-10.5894547,-10.5894547,1.26568127,-10.5894547FLAGS protocol=asd-quality-v1.5.0 mode=ALARM state=ANOMALY waiting=0 learning=0 learned=1 anomaly=1 hold=0 fault=0 green=off red=on guided25_available=1 workflow_pending=DEFAULT research_telemetry=1 profile_persistence_allowed=0 dropped=0"
2026-08-22T12:35:48.093+00:00,1531.641,1,FEATURE96,duplicate_key:protocol,"FEATURE96 protocol=asd-research-v1.0.0 session=1 phase=DET window=55 window_start_ms=1521072 window_end_ms=1530318 score=538.483521 level_dbfs=-46.9507561 quality=OK tonalness_proxy=3.29565716 dims=96 fnv1a=916c59ef values=-10.370636,-10.370636,2.61415195,-10.370636,-10.370636,1.51365089,-10.370636,1.67110825,-10.370636,1.70794153,1.17606735,-10.370636,1.13766479,1.53381443,1.47734642FLAGS protocol=asd-quality-v1.5.0 mode=READY state=CALIBRATED_NORMAL waiting=0 learning=0 learned=1 anomaly=0 hold=0 fault=0 green=on red=off guided25_available=1 workflow_pending=DEFAULT research_telemetry=1 profile_persistence_allowed=0 dropped=0"
2026-08-22T12:35:58.104+00:00,1541.657,1,FEATURE96,duplicate_key:protocol,"FEATURE96 protocol=asd-research-v1.0.0 session=1 phase=DET window=56 window_start_ms=1531022 window_end_ms=1540292 score=433.58017 level_dbfs=-47.0982819 quality=OK tonalness_proxy=3.27989197 dims=96 fnv1a=cdf29bb6 values=-10.3710041,-10.3710041,1.83017492,-10.3710041,-10.3710041,1.41981888,-10.3710041,1.56967354,-10.3710041,1.53575802,1.04535389,-10.3710041,1.0942564,1.50481796,1.55797005,-10.3710041,1.47188663,1.34536266,1.20071316,1.01852417,0.983955383,0.953374863,1.0475111,1.10731506,1.72199774,1.80138493,1.28326416,1.15536308,1.47710228,1.14406109,0.969376564,1.07093239,1.35188007,1.07183743,0.919895172,2.50790358,3.27989197,0.868472099,0.752385139,0.787241936,0.881474495,1.29575729,0.712110519,0.767416954,0.755520821,0.799599648,0.999522209,1.45314121,0.812966347FLAGS protocol=asd-quality-v1.5.0 mode=READY state=CALIBRATED_NORMAL waiting=0 learning=0 learned=1 anomaly=0 hold=0 fault=0 green=on red=off guided25_available=1 workflow_pending=DEFAULT research_telemetry=1 profile_persistence_allowed=0 dropped=0"
2026-08-22T12:36:08.115+00:00,1551.672,1,FEATURE96,duplicate_key:protocol,"FEATURE96 protocol=asd-research-v1.0.0 session=1 phase=DET window=57 window_start_ms=1541002 window_end_ms=1550266 score=468.448364 level_dbfs=-47.2972794 quality=OK tonalness_proxy=3.28469276 dims=96 fnv1a=f2e639e3 values=-10.3762169,-10.3762169,1.54487896,-10.3762169,-10.3762169,1.302351,-10.3762169,1.40351391,-10.3762169,1.45491123,1.29895782,-10.3762169,1.25342464,1.580019,1.79218245,-10.3762169,1.65721035,1.36701775,1.21250534,0.97149086,0.956521034,0.947381973,1.1412344,1.22267723,1.71123934,1.80028009,1.32348633,1.14509392,1.30555725,1.1156044,1.13343716,0.931725502,1.25239563,1.05305386,0.992877007,2.52791691,3.28469276,0.86195755,0.758545876,0.869936943,0.972070694,1.23615646,0.85060215,0.729701996,0.734367371,0.817154884,0.929644585,1.45228577,0.837734222,0.961929321,0.943098068,0.790807724,0.939029694,1.78970575,0.870957375,0.994212151,1.09570694,1.31058025,1.24725628,1.45401573,1.52926445,2.61056852,2.25219154,0.21914959,1.02654839,0.500448227,0.629747391,0.738499641,0.781414986,0.971809387,0.947473526,1.16099834,1.06003761,1.35652542,0.790070534,0.594265938,0.684791565,0.351940155,0.3040905,0.575592995,0.226866722,0.228027344FLAGS protocol=asd-quality-v1.5.0 mode=READY state=CALIBRATED_NORMAL waiting=0 learning=0 learned=1 anomaly=0 hold=0 fault=0 green=on red=off guided25_available=1 workflow_pending=DEFAULT research_telemetry=1 profile_persistence_allowed=0 dropped=0"
2026-08-22T12:36:18.135+00:00,1561.688,1,SUBSEG96,duplicate_key:protocol,"SUBSEG96 protocol=asd-research-v1.0.0 session=1 phase=DET window=58 group=1 segments=8 dims=96 fnv1a=a3bbbb0e values=-10.3401546,-10.3401546,1.15928364,-10.3401546,-10.3401546,1.02885342,-10.3401546,1.36032104,-10.3401546,1.29177761,0.805038452,-10.3401546,0.817519188FLAGS protocol=asd-quality-v1.5.0 mode=READY state=CALIBRATED_NORMAL waiting=0 learning=0 learned=1 anomaly=0 hold=0 fault=0 green=on red=off guided25_available=1 workflow_pending=DEFAULT research_telemetry=1 profile_persistence_allowed=0 dropped=0"
2026-08-22T12:36:28.130+00:00,1571.688,1,SUBSEG96,duplicate_key:protocol,"SUBSEG96 protocol=asd-research-v1.0.0 session=1 phase=DET window=59 group=1 segments=8 dims=96 fnv1a=c9a0b0b5 values=-10.4132948,-10.4132948,3.52799082,-10.4132948,-10.4132948,2.44039154,-10.4132948,1.74122953,-10.4132948,1.54937077,1.24087906,-10.4132948,1.24969959,1.53457069,1.81738091,-10.4132948,1.69158554,1.22894669,1.0356741,0.779925346,0.953528404,0.748639107,0.808889389,1.08104038,1.57127857,1.68007803,1.04969597,1.138587,1.77997017,1.43970871,1.22931767,0.950668335,1.11881065,0.941923141,0.942456245,2.4646225,3.26923037,0.777537346,0.739151001,1.21445274,1.04928493,1.29330444,0.661149979,0.750144005,0.623916626,0.684149742,0.988826752FLAGS protocol=asd-quality-v1.5.0 mode=READY state=CALIBRATED_NORMAL waiting=0 learning=0 learned=1 anomaly=0 hold=0 fault=0 green=on red=off guided25_available=1 workflow_pending=DEFAULT research_telemetry=1 profile_persistence_allowed=0 dropped=0"
2026-08-22T12:36:38.143+00:00,1581.703,1,SUBSEG96,duplicate_key:protocol,"SUBSEG96 protocol=asd-research-v1.0.0 session=1 phase=DET window=60 group=1 segments=8 dims=96 fnv1a=f94c77fa values=-11.5749502,-11.5749502,3.48961401,-11.5749502,-11.5749502,2.79833794,-11.5749502,2.99638462,-11.5749502,3.09206867,3.17958164,-11.5749502,3.25383234,3.00605345,2.63291264,-11.5749502,2.30178404,2.0402565,1.52602005,1.62377787,1.71542025,2.19411755,2.84898472,2.44957447FLAGS protocol=asd-quality-v1.5.0 mode=READY state=CALIBRATED_NORMAL waiting=0 learning=0 learned=1 anomaly=0 hold=0 fault=0 green=on red=off guided25_available=1 workflow_pending=DEFAULT research_telemetry=1 profile_persistence_allowed=0 dropped=0"
2026-08-22T12:36:48.156+00:00,1591.703,1,SUBSEG96,duplicate_key:protocol,"SUBSEG96 protocol=asd-research-v1.0.0 session=1 phase=DET window=61 group=1 segments=8 dims=96 fnv1a=b7762ec9 values=-10.7235613,-10.7235613,2.49487877,-10.7235613,-10.7235613,1.42026281,-10.7235613,1.56853914,-10.7235613,1.49039745,0.810232162,-10.7235613,0.877900124,1.24124908,1.0443697,-10.7235613,0.815595627,0.748940468,0.904885292,0.831809044,1.04639149,1.38369751,1.57822704,1.55106592,1.91047001,1.72613811,1.24645233,1.35345078,1.55351591,1.91854906,1.76268435,1.70589447,1.46383476,1.86396933,1.97113276,2.19601107,3.05075407,1.15983295,1.08353233,0.790821075,1.19217205,1.26121235,1.20422268,1.20150089,0.788901329,0.535719872,0.81273365,1.16948509,1.4052887,1.33562279,1.81138325,1.2239275,0.767086983,1.62539101,1.38761616,1.47123098,1.01556301,1.48674917FLAGS protocol=asd-quality-v1.5.0 mode=READY state=CALIBRATED_NORMAL waiting=0 learning=0 learned=1 anomaly=0 hold=0 fault=0 green=on red=off guided25_available=1 workflow_pending=DEFAULT research_telemetry=1 profile_persistence_allowed=0 dropped=0"
2026-08-22T12:36:58.174+00:00,1601.735,1,SUBSEG96,duplicate_key:protocol,"SUBSEG96 protocol=asd-research-v1.0.0 session=1 phase=DET window=62 group=1 segments=8 dims=96 fnv1a=a5cb82be values=-10.3057756,-10.3057756,1.16244793,-10.3057756,-10.3057756,1.66244507,-10.3057756,1.75912952,-10.3057756,1.54025269,0.606042862,-10.3057756,1.18821907,1.75677729,1.47662354,-10.3057756,1.21098137,1.06542206,0.712608337,0.914362907,0.888663292,0.809700966,0.848461151,1.24748898,1.43979168,1.71882248,1.39034748,1.16099072,1.06948948,1.07275009,1.19924164,0.958705902,1.36734486,1.19808006,0.941683769,2.80286932,3.27423763,0.74587822,0.937524796,1.00535774,1.00732422,1.28413963,0.789082527,0.839400291,0.621014595,0.940211296,1.30580139,1.45363045,0.884145737,1.1157465,1.02813625,0.782707214,0.921713829,1.9350543,0.952225685,0.980016708,1.00697994,1.41111851,1.24092293,1.41111374,1.67243481,2.61006451,0.968191147,0.235372543,0.995768547,0.685881615,0.700211525,0.828249931,0.848587036,0.999099731,1.00036144,1.21114445,1.09305096,1.35770512,0.941045761,0.851173401,0.45694828,0.429958344,0.291222572,0.695425034,0.236223221,0.28725338,0.303445816,0.178362846,0.13081646,-0.0647439957,-0.0816860199,-0.0640821457,0.058177948,-0.142131805FLAGS protocol=asd-quality-v1.5.0 mode=READY state=CALIBRATED_NORMAL waiting=0 learning=0 learned=1 anomaly=0 hold=0 fault=0 green=on red=off guided25_available=1 workflow_pending=DEFAULT research_telemetry=1 profile_persistence_allowed=0 dropped=0"
2026-08-22T12:37:08.176+00:00,1611.735,1,SUBSEG96,duplicate_key:protocol,"SUBSEG96 protocol=asd-research-v1.0.0 session=1 phase=DET window=63 group=2 segments=8 dims=96 fnv1a=cdfc5371 values=-10.4121847,-10.4121847,1.60374641,-10.4121847,-10.4121847,2.45720387,-10.4121847,2.68627644,-10.4121847,2.04058266,0.947165489,-10.4121847,1.79936266,2.30867338,1.89789772,-10.4121847,1.14548683,1.52152348,1.74252081,1.3256464,0.81916523,1.10216808,1.0061264,1.04103565FLAGS protocol=asd-quality-v1.5.0 mode=READY state=CALIBRATED_NORMAL waiting=0 learning=0 learned=1 anomaly=0 hold=0 fault=0 green=on red=off guided25_available=1 workflow_pending=DEFAULT research_telemetry=1 profile_persistence_allowed=0 dropped=0"
2026-08-22T12:37:18.225+00:00,1621.782,1,SUBSEG96,duplicate_key:protocol,"SUBSEG96 protocol=asd-research-v1.0.0 session=1 phase=DET window=64 group=2 segments=8 dims=96 fnv1a=1ca89bac values=-10.3874025,-10.3874025,1.24877071,-10.3874025,-10.3874025,1.5168314,-10.3874025,2.02720928,-10.3874025,1.68795347,1.10265255,-10.3874025,1.54642391,2.16946268,2.16006041,-10.3874025,1.46278667,1.14547539,1.35734558,1.03468895,0.843538284,0.859950066,1.12408638,1.3763504,1.62826967,1.74576712,1.10880089,1.17461681,1.17093182,0.788451195,1.14008045,1.15331078,1.23654747,0.971461296,0.757469177,2.58088255,3.26989651,0.884061813,0.773140907,0.809691429,0.976687431,1.16691399,0.681243896,0.578825951,0.826715469,0.749907494,0.969292641,1.322505,0.810223579,0.95941925,0.95720768,0.782129288,1.0581665,1.80913067,0.902740479,1.02093601,1.09408188,1.36514759FLAGS protocol=asd-quality-v1.5.0 mode=READY state=CALIBRATED_NORMAL waiting=0 learning=0 learned=1 anomaly=0 hold=0 fault=0 green=on red=off guided25_available=1 workflow_pending=DEFAULT research_telemetry=1 profile_persistence_allowed=0 dropped=0"
2026-08-22T12:37:28.197+00:00,1631.75,1,SUBSEG96,duplicate_key:protocol,"SUBSEG96 protocol=asd-research-v1.0.0 session=1 phase=DET window=65 group=2 segments=8 dims=96 fnv1a=48f0f141 values=-10.3401318,-10.3401318,1.14948082,-10.3401318,-10.3401318,1.01496983,-10.3401318,1.12040424,-10.3401318,0.960608482,0.539776802,-10.3401318,1.01319408,1.79370499,2.25276709,-10.3401318,1.88074446,0.869615555,0.950060844,0.77888298,1.00063133,0.964489937,1.0979166,1.16562462,1.69516039,2.14435339,1.52872086,1.26681042,1.19686604,1.06321335,1.12040329,1.03968716,1.36504745,0.930358887,0.864579201,2.77687693,3.27460337,0.775990486,1.0377388,0.884799957,1.0615797,1.2652483,0.921552658,0.8364048,0.842418671,0.911040306,1.07164192,1.42767239,0.760564804,0.793061256,0.92155838,0.89402771,0.985089302,1.84118319,0.973587036,1.16841602,1.13177681,1.1607399,1.31612587,1.50641441,1.71140146,2.45121098,1.1160984,0.251666069,1.13064766,0.546757698,0.740771294,0.806227684,0.927099228,1.05556011,1.02982903,1.29067421,0.991087914,1.1554966,0.869976997,0.859732628,0.462749481,0.366248131,0.367829323,0.80039978,0.250391006,0.235477448,0.314433098,0.192105293,0.194999695,-0.096777916,-0.131539345,-0.067530632,-0.0173368454,-0.156054497,0.0561275482FLAGS protocol=asd-quality-v1.5.0 mode=READY state=CALIBRATED_NORMAL waiting=0 learning=0 learned=1 anomaly=0 hold=0 fault=0 green=on red=off guided25_available=1 workflow_pending=DEFAULT research_telemetry=1 profile_persistence_allowed=0 dropped=0"
