host_utc,elapsed_s,kind,label,note
2026-08-16T17:04:17.892+00:00,0.047,session,start,sigurnosna postavka potvrđena; operator condition=unconfirmed
2026-08-16T17:04:18.344+00:00,0.5,device,reset,RTS reset; pocinje WAIT/CAL/DET
2026-08-16T17:04:51.766+00:00,33.922,virtual_button,press,panel
2026-08-16T17:05:07.143+00:00,49.297,phase,calibration,fan mora ostati u potvrđeno normalnom stanju
2026-08-16T17:06:47.179+00:00,149.344,phase,detection,firmware DET faza; operator condition i dalje nije potvrđen
2026-08-16T17:07:17.706+00:00,179.86,virtual_button,hold,panel
2026-08-16T17:08:00.386+00:00,222.547,virtual_button,hold,panel
2026-08-16T17:09:09.846+00:00,292.0,note,operator,virtuelni taster hold -> COM4
2026-08-16T17:09:16.837+00:00,299.0,protocol,invalid_firmware_telemetry,SESSION_ENDED_without_START
